Project_code,Decay_type,mean,var,trial_1,trial_2,trial_3,trial_4,trial_5,trial_6,trial_7,trial_8,trial_9,trial_10,trial_11,trial_12,trial_13,trial_14,trial_15,trial_16,trial_17,trial_18,trial_19,trial_20,trial_21,trial_22,trial_23,trial_24,trial_25,trial_26,trial_27,trial_28,trial_29,trial_30,trial_31,trial_32,trial_33,trial_34,trial_35,trial_36,trial_37,trial_38,trial_39,trial_40,trial_41,trial_42,trial_43,trial_44,trial_45,trial_46,trial_47,trial_48,trial_49,trial_50,trial_51,trial_52,trial_53,trial_54,trial_55,trial_56,trial_57,trial_58,trial_59,trial_60,trial_61,trial_62,trial_63,trial_64,trial_65,trial_66,trial_67,trial_68,trial_69,trial_70,trial_71,trial_72,trial_73,trial_74,trial_75,trial_76,trial_77,trial_78,trial_79,trial_80,trial_81,trial_82,trial_83,trial_84,trial_85,trial_86,trial_87,trial_88,trial_89,trial_90,trial_91,trial_92,trial_93,trial_94,trial_95,trial_96,trial_97,trial_98,trial_99,trial_100
Hypsu1,White-rot,0.024,6.63E-05,,0.026,,,,,0.018,,0.032,,,0.03,,,,,0.024,0.032,0.012,,,,,,0.038,,0.016,0.02,0.022,,,,,,,0.02,,,,,,,,0.016,,0.034,,0.03,,,,0.012,0.016,,0.042,,0.028,,,0.016,0.018,,,,,,0.02,,,,,,,,,,0.012,0.028,,0.03,,,0.03,,,,,,,0.028,,,0.016,,,0.03,,,,
Phohig1,White-rot,0.023172414,0.000120433,,,,,0.024,,,,0.016,,0.032,,0.028,,,,0.018,,,0.06,0.028,,,,,,0.006,,,,0.022,,,,,,,,0.014,,,,,0.01,,,,0.024,,,0.028,,0.018,0.026,,,,0.02,,0.008,0.022,,,0.02,,,,,,0.018,0.032,,,0.03,,,,,0.016,,,,,,0.036,0.044,0.016,,,,0.02,,,0.022,,,,0.014,,
Phoaln1,White-rot,0.019393939,0.000124371,,,0.046,,,,,0.008,,,0.02,0.026,,,,0.024,,,,,,0.02,0.006,,,,0.026,,,0.002,,0.018,0.012,,0.004,,0.018,0,,0.024,,,,0,,,,,,0.018,,,0.016,,0.034,,0.01,,,,,,,0.022,0.026,0.012,,0.022,0.004,,,,,0.03,,0.022,,0.022,0.036,,0.026,,0.034,,,,,,0.032,,,,,,,,,0.02,,
Gymch1,White-rot,0.065307692,0.000331182,,,0.082,0.056,,0.064,,0.04,0.046,0.05,,0.082,,,0.074,,0.08,0.062,0.044,,,,0.042,,,,,,,,,,,,0.052,0.07,,0.05,,,,,,,0.048,0.104,,0.096,,,,,0.046,,,,,,,,0.092,0.07,,,,0.054,,,,,,,0.068,,,,,,,,,,,,,,,,,,,0.06,,0.08,,,,,0.086,
Gymjun1,White-rot,0.072769231,0.000595545,0.108,0.066,,0.052,,,0.082,,0.03,,,,,,,,,0.09,0.056,,,,,,,,,,,,,,,0.066,,,,0.044,,,,,,,,0.088,0.078,,,,,0.09,,,0.082,,0.064,,0.046,,0.108,,0.094,,,,,,0.038,,,,0.074,,,,,,0.11,,,,0.074,,,,,,,,,0.068,,0.06,,0.104,0.096,,,0.024
Galma1,White-rot,0.027517241,0.00013733,0.04,,0.052,,,,,,0.018,,0.016,,0.03,,0.024,,,,,,0.038,,,0.008,0.018,,0.044,,,,0.02,,,,,,,,,0.028,0.022,,0.016,,0.01,,0.04,0.032,,,,,,,,,0.03,,,,,,0.018,,0.024,,0.032,,,,,0.046,,0.012,,,0.01,,,,0.036,0.028,,,,,,,,0.036,,,,,,,0.038,0.032,,
Creces1,White-rot,0.092333333,0.000572457,,,0.066,0.076,0.094,0.052,0.086,,,0.09,0.146,,0.102,,0.06,0.104,,,0.072,,,0.092,,,,0.11,,,,,0.074,,,,,,0.08,0.094,0.142,0.074,,0.088,,,,,,,,0.116,,,,,,,0.146,,,,,,,,,,,0.1,0.104,0.08,,,,,0.078,0.092,,0.074,0.1,,0.088,,,,0.12,,,,,0.128,0.096,,0.09,,,0.078,,0.09,,0.042
Crevar1,White-rot,0.0516,0.000419972,0.032,,,,,,,,,,0.098,,0.056,0.056,,,0.052,,,0.054,,,,,,,,,,0.04,,0.038,,,0.068,0.042,,,0.076,,,,,,0.054,,,,,0.074,,0.032,,,,,0.098,0.014,,,,0.038,,,0.044,,0.032,,0.08,,0.048,,,0.042,,,0.03,,,0.038,,0.028,0.054,,,,,0.044,,0.074,,,0.072,0.04,,,,,,
Crula1,White-rot,0.023828571,6.95E-05,0.042,,,,,,,,,,,,,,0.024,,,,,0.034,,,,0.02,,,,0.024,,0.024,0.014,0.032,0.01,0.03,,,0.026,,,,,,,,,,0.024,,0.014,0.022,0.03,,0.02,0.02,,,,,0.014,0.026,,,,0.014,,,0.022,,,0.014,0.032,,,0.032,,0.028,,0.008,,,,,,,0.018,,0.03,0.022,0.018,0.046,,,0.028,,0.024,0.02,,,,0.028
Cyastr2,White-rot,0.034482759,0.000174759,,,0.056,,,,,0.018,,0.018,,0.034,,0.024,,0.022,0.048,0.008,0.038,,,0.032,,,,,,0.034,,,,,,,,,,,,0.036,,0.04,0.042,0.032,0.03,,0.05,0.032,,,,,,,,0.034,0.05,,,,,0.032,,,,0.022,,0.032,,,,,0.026,,,0.016,0.07,,,,,,,,,,,,0.046,,,0.046,,,,,,,,0.032
Plucer1,White-rot,0.055071429,0.000237772,,,0.054,0.07,,,,,,,0.05,,0.056,0.062,0.074,,0.052,,,,,,,,,0.052,,0.052,,,,0.052,,,0.07,0.054,0.036,,,,,,0.056,0.048,,0.096,0.04,0.068,0.044,,,0.04,,,0.07,,,0.036,0.028,0.05,,,,0.048,,,,0.086,,0.038,,,,,,,,,0.06,,,,,,,,,,,,,,,,,,,,,
Volvo1,White-rot,0.0509375,0.000311222,,0.054,,,0.056,,0.046,0.03,,,,0.098,0.064,,0.05,,0.04,0.058,,,,,,,0.062,,,,,,,,,,,,,,0.024,,0.084,0.036,,0.02,,,0.064,,0.028,0.034,,,,,0.036,0.032,,,,,,0.048,,,,,0.048,0.088,0.036,,0.058,,,,,,,,,,,,,,0.058,,,0.052,,0.054,,0.052,,0.048,,,0.058,0.052,0.062,
Panst_KUC8834_1_1,White-rot,0.033588235,0.00017231,0.026,,0.06,0.022,0.044,,0.04,,,,,,0.032,0.06,,0.036,,,0.022,,,,0.028,,,0.028,,0.024,,,,0.014,,,,0.018,0.024,0.036,,,,,,,0.062,,0.034,,,,0.038,,,,0.022,0.024,0.042,,,,,,,0.024,,0.034,,0.044,,,0.03,,,,,,,0.038,,,,,,0.038,0.014,,0.026,0.032,0.05,0.058,,,,,,,,0.018,,
Panst_LUM_1_1,White-rot,0.023352941,8.14E-05,,,0.054,,0.032,,0.012,0.026,,0.026,,,,0.032,,,,0.016,,0.022,0.016,0.018,,,0.02,,,,,,,,,,,,,,,,,,,,0.036,0.028,,0.034,0.022,0.02,,,,,,,,,0.008,,0.02,,,,0.018,0.03,0.014,0.022,0.022,0.018,,,,,,,0.022,0.036,,,,0.014,0.026,,,0.016,,0.018,0.028,0.034,0.016,0.018,,,,,,,,
LedTMI1148_1,White-rot,0.008171429,1.84E-05,,,0.006,0.006,0.01,,0.012,0.002,,,,0.006,,,0.004,,,,,0.016,,,,0.014,0.012,,0.012,,,,,,0.01,0,0.006,0.008,0.01,0.004,,,,0.004,,,,,,0.008,0.006,,,0.006,,,,,,0.002,,,,0.006,,,0.02,0.01,0.012,,,,0.006,,,0.006,,,,0.012,,,,0.008,0.012,,,,,,0.01,0.004,,,,,,,,,0.004,0.012
Lenedo1,White-rot,0.001586207,2.97E-06,0,,,0,,,,,,0.006,,,,0,0.004,,,,,,,,0.002,,0.002,,,,0,,,,,0.004,,,,,,,,,0.004,0.002,,,,0.002,,0,0,,,,,0,,,,0.002,0.002,,,,,,,0,,0,,,,,,,,0.002,,,,,0,,0,,0.002,,0.004,,0,0,,,0.004,0.002,0.002,,,
LedVB361_1,White-rot,0.000666667,1.54E-06,0,0,,,,,,,,,,0,0,,0.002,,,0,,0,,,,,,,,,,,,,,,,,0.004,0,0,,,,0.004,,,,,0.002,,,0,,,,,0,,,,0.002,,,,,,,,0,0,,0,,,,0,,,0.002,,,0.002,,,,,,,,,,0,,,0,,0,,0,0,0
Lened1,White-rot,0.021214286,8.37E-05,,,,,,0.014,,,0.012,0.026,,,,,,,,,0.018,,,0.018,,,,,,,,,,0.02,0.024,0.036,,0.022,,,,0.018,,,,0.014,0.022,,0.018,,,0.038,,,,,,,0.02,0.022,,,,,,,0.008,0.024,0.01,0.02,,,0.028,,,0.04,,,,0.014,,,,,,0.008,,,,0.01,,0.04,,,,0.02,0.03,,,,,
LedB17_3,White-rot,0.006411765,2.20E-05,0.004,0.002,0.006,,0.002,,0.002,0.01,,,,,,,0,,,,0.016,,,,0.008,0.004,,,,,,,,,0.006,,,,,,,,0.004,,0.016,,,,,,,0.01,0.008,,,,,,0.01,,,,,,,,,0.004,0.01,,0.006,,0.012,,0.002,0.018,,0.002,0.004,,,,0,,0.006,,0.01,,,0.002,0.006,0.01,0.01,,,,0.004,0.004,,0,,
Lentinedodes1,White-rot,0.003692308,1.08E-05,,0.01,,,,,0.004,,,,0,,,,,,0.006,0,,,,0.002,,0,0.002,0.006,,,,,,,,,,,,,,0.002,,,0,0.002,0.01,,,,,,,0.006,,0,,,,,0.002,0.002,0.006,0.008,0.004,,,0.004,0.006,,,,0.002,,,,,,,,0,,,,,,,,0.01,,,,,,,,,,0.002,,,
Led_CS584_1,White-rot,0.006944444,2.16E-05,,,0.006,,,,0.004,,,0.006,0.004,0.008,,,0.006,0.014,,,,0.002,0,0.004,0.008,,,,0.006,,,,0.002,0,0.004,,,,,0.014,,0.008,,,,,,,,0.014,,,0.016,,,,,,,,,0.018,,,,0.002,,0.008,,,,0,0.014,0.008,0.004,,,,,0.002,,,,,0.006,,0.012,0.006,,,,0.01,0.01,0.008,,0.004,0.006,,,0.006,,
LedTMI1633_1,White-rot,0.008294118,3.66E-05,,,,,,0.01,0.01,,,0.01,,0.014,0.006,,,0.012,,,,,0.004,0.01,,,,,0,0.004,0.02,,0.004,0,0.012,,,0.012,,,,0.016,,,,,,,,,,0.004,,0.002,,,,,0.004,,0.006,,0.004,,,,,0.002,,,,0.012,0.004,,,0.012,,,0.022,,,0.022,0.002,0.004,0.012,,,,,0.002,0.004,,0.014,,,,,0.006,,,,
Lenafn1,White-rot,0.002071429,4.88E-06,0,,,,,,,0.002,,,,0.002,,,,,,,,,,0,,,,,,,,0.002,,0.002,0.006,,,0.002,,,0.004,0.002,,0,,,,,,,,,,,,,0,0.002,,,,,,,,,,0.01,0,,0,,,,0.002,,0,0.002,0.002,0.004,,,0.004,,,0,,,,0.002,0.004,,,,0.002,0,,,,0.002,,
Lenlat1,White-rot,0.000914286,2.43E-06,,,0.004,0.006,,0,,,0,0,,,0,0.002,0.002,,,,,,,,,,,,,,,,,,0,,,,0.002,,,0.002,0,0,,,0,,,,,0,0,0,0,,,,,,,0.004,0,0,,,0,,0,,,0,,,0,,,,0.002,,,0,0.002,,0,,,0,0,,,0,,0.002,,,0.004,0,,,,
LlaRV95_379_1,White-rot,0.010235294,2.64E-05,,,0.006,,,0.012,,0.016,,,0.016,,0.01,,0.006,,,,0.012,,,,,0.004,,0.012,,,0.008,,0.02,,,0.01,0.006,,,,,,,,0.018,,,,0.006,,0.006,,0.012,,0.016,0,,,,,0.002,,,,,,,0.014,0.006,0.008,,,,,,,,,,,0.014,0.014,,0.014,,,0.022,,,0.014,,0.006,,0.006,0.006,,0.008,0.008,,,,0.01
Lennov1,White-rot,0.004181818,7.34E-06,,,0.002,0.002,,0.002,,,0,0,,0,,,,,0,,0.002,,,,,,0.008,,0.008,,,0.006,0.006,,,,,0.002,,,,,,0.008,0.006,,,0.004,0.004,0.004,,,0.006,,,,,0,,,,,,,0.004,,,0.008,,0.008,,,,0.004,0.004,0.002,,,0.006,,,0.006,0.008,,,,0.006,,,,,0.006,0.002,,,,0.004,,,,,
LnoICMP18003A_1,White-rot,0.02345,0.00010051,,,,,0.014,0.026,,,0.022,0.034,0.022,0.038,,,0.018,0.016,,,,0.02,,,,,0.034,0.01,0.042,,,,0.022,,0.03,,0.034,,,,,0.022,0.024,,,,,0.008,0.014,0.022,0.018,,,,0.02,,,0.038,,,0.012,,,,0.018,,,,0.022,,,0.016,0.04,,,,0.014,,,0.044,0.022,,,0.016,0.026,0.008,0.022,,0.014,0.046,,,,,0.032,0.018,,,0.02,,,
Lenafn_TMI1502_1,White-rot,0.001142857,3.09E-06,,0,,,,,,0,0.002,0.006,,,,,,,,,,,,,,,,,0.006,0,,0,,,0.002,0.002,,0,0,0,,,,,,,,,0,,,,,0,0,,,0.002,,,,,0.004,,0.002,,,,,0.002,,,,0.002,,,,0.002,0,,0,,,,,0,,0,,,,,,0,,0,,,0,,,
LlaTMI1499_1,White-rot,0.004685714,2.05E-05,,0,0,,,0,,0.012,,0.008,,,,,,,,0.01,,,0,,0.008,0.004,,,,,,0.016,,,0.004,,,0,0,,,,0.002,,,,0.006,0.002,,,,,0.008,,,0.008,,,,,,,,0,,0,,,0,,0.006,,,0.006,0.008,,,0,,,,,0.006,,,,0.012,0.002,,0.014,,0.008,0.004,,,0,0.004,,0.004,,0.002,
Lenra_T_1,White-rot,0.065483871,0.000264258,,0.076,0.06,,,,0.074,,,,,0.082,0.036,,,,0.07,,,,,,,,0.068,,,,,,,,0.038,0.056,,,,,,0.084,0.068,0.064,0.05,0.046,,,,,,0.032,,,,,0.076,,,,,0.058,0.052,0.068,0.072,,,,0.052,0.088,,,0.098,,,,,0.084,,,,0.084,0.07,,,,0.078,0.048,,0.072,,,0.052,,,,,,0.074,,,
LraTFB9207_1,White-rot,0.000611111,1.10E-06,,,0,,,,0.002,,0.002,0,,0.002,,0,,0,0,,0,0,,,0,0,,0.002,0.004,,,,,,,,0,,,0,,,,0,0,,0,,,,,,,,,,,,0,,,0,,0.002,,0,0,,,0.002,,,,,0,,,,,,0,0.002,0,,0.002,0,0,,0,,0,,,0,,,,,,0.002,,
LraJLM1587_1,White-rot,0.002482759,5.62E-06,,0.004,,0.006,,,,0.004,,0.004,,,0.006,,0,,,,,0,,,,,,0.004,0.002,,,,,,,,,0.002,,,,,,,,,,,,,0,,,0.002,,,0.006,,,0,,0.008,,0.006,,,,0.002,,,0.002,0,,0,,0.004,,0,,,0,0.004,0,,,,,,0.002,,,,,,0.002,,,,0.002,,0,
LraINPA1820_1,White-rot,0.00483871,1.83E-05,,,,,,,,0.006,,0.02,,,0.008,0.004,,0.004,0.006,,,,,,0.002,,,0,,,,,,,0.008,,,,,0,,0.002,,,,,0,,,0.004,,,,,,,0.004,,,,,,,,0.002,,,,,0.012,,0.006,,,,0.006,,0.006,0.006,,,0.014,,0.002,0.004,,0.002,0.002,0,0.004,,0.006,,,0.002,,,,0.004,0.004,,
Lenrap1_155,White-rot,0.006642857,1.90E-05,0,0.02,,,0.012,,,,,,,0.008,,0.01,,,0.01,,0.01,0.002,,,,,,,,,,,,0.004,0.012,,,,,,0.004,,0.01,,,,,0,,0.006,,,,,,,0.006,,,,,,0.002,0.008,,0.002,0.008,,,,,,0.008,,0.004,0.008,,,,,0.006,,,,0.004,,,,,,0.006,,,0.004,,,0.002,,0.01,,,
Lenrap1,White-rot,0.018888889,0.000166872,,0.008,,0.066,0.008,0.018,,,,,,,,,,,0.036,,,0.022,0.002,,,,,0.018,0.014,,,,,,0.018,0.002,,,,,0.014,,,,,,,,,,,,0.028,,,,0.022,0.022,0.024,,,0.032,,,,,,0.012,,,0.032,,,0.02,,,0.012,,0.016,,,,,,,,,0.008,0.012,,,0.006,,,0.024,,,,0.014,,,
LboTFB7810_1,White-rot,0.002962963,5.65E-06,,0.002,0.004,,,,,,,,0,,,,0.002,,,,,,,,,,,0.002,0,,,,,,,,,,0.004,,0.002,,0,,,,0.002,0.008,,0.004,,,,0.002,,,,,,,,,,,,,0.006,,,,,,,0.006,,,,0.004,,,,0,0,0.006,0.004,0.002,0.002,,,,0.004,,0.004,0.002,,0,,,0.008,,,
LboTFB7829_1,White-rot,0.0027,3.48E-06,,,,,,,,,,,,0,0.002,0,,0.004,,,,,,,0.004,,,,,,,,0.002,0.002,,,,0.002,,,,,,,,,,,,0.006,,,,0,,,,,,,,0.006,,,0.004,,,,,,0.002,0.002,,,0.002,,,0.002,,,,,0.006,,,,,,,,,,,,0.004,,,,0.002,,,0.002
LboET3784_1,White-rot,0.0311875,9.03E-05,0.032,,,,,0.038,,,,0.032,,,,,,,,0.042,,0.034,,0.018,,,,0.026,,,,0.03,,0.046,,,,,,0.022,,,0.012,0.02,,0.024,,,0.038,,,,,,0.012,,,,,,,,0.032,0.024,0.048,0.03,,,0.046,,0.022,,0.044,,,0.03,,0.03,0.028,,,,0.032,0.034,,,,,0.044,,,,,,0.024,,0.032,,,0.042,,0.03
Lbo_TFB10291_1,White-rot,0.005212121,2.47E-05,,0.006,,0.006,,,0.004,,,0.002,,,,,,0.012,,0.002,,,,,,0,,,,0.004,,,,,,0,,0.004,,0.01,,,,0,0,0.002,,0.006,,,,0,0.012,,,,,0.004,0,,0,0.016,,,0.014,,,,,0.004,,,,0.012,,,,,,0.004,,,0.006,0.004,,0.002,,,,0.002,,,0.008,,0.018,,,0.006,,0.002,,
LboTFB10292_1,White-rot,0.006,1.52E-05,,0.016,,,0.008,0.008,,,,0,0.002,,,0.008,,,0.002,,0.006,,,,,,,,,,,,,,0.01,,,,,,0.004,,,,,0.002,0.01,,,,0.012,,0.006,0.006,,,,,,,,,,,,,,,,,,,,,0,,,,,,0.004,,,0.006,,,0.006,,0.008,,0.004,,,,,,0.004,,,,,
Lbo_TFB10827_1,White-rot,0.007789474,2.55E-05,,0.01,,0.008,,0.01,,0.008,0.006,,,,,,0.002,0.014,,,0.006,0.006,,0.01,0.008,,0.004,0.006,,0.004,,,0.004,,,,0.002,,,0.014,0.01,,,,,,,0.008,,0.004,0.004,,0.02,0.006,0.002,,,,0,,,0.014,,,0.012,,,,,,0.012,,,,,,,0.008,,,,0.002,0.006,0.002,0.012,,0.004,,0.002,,,,,,0.022,,,0.012,,,,0.012
Denbi1,White-rot,0.03688,0.00010936,,,0.052,0.028,,,,,,,,0.046,0.044,,,,,,0.05,0.042,,,0.034,,,0.018,,,,,,0.034,,,,,,,0.026,,,0.046,,0.034,,,,,0.026,,,,,,,,,0.032,0.034,,,,,,0.024,,,,,,,0.036,,,,,0.048,0.032,,,,,0.016,,,0.046,,,0.044,,0.044,,,0.054,,,,,0.032,
Armost1,White-rot,0.006846154,2.31E-05,,,,,,0.008,,,0.002,,,,,0.01,,,,,,,,0.008,,,,,0.006,,,,,,,0.006,,,,,,,0.004,0.004,,,,,,0.01,,,,0.002,,,,,0.016,,,,,,,,0,,,,,,0.004,,,0.006,,0.004,,,0.004,0.002,0.006,,,0,,0.012,0.008,,0.012,0.02,,,,0.004,,,0.008,0.012,,
Armosto1,White-rot,0.0044,2.47E-05,,,,,0,,,,,,,,,,,,,,,,,,,,,0,,0.006,,0,,0.006,,,,0,,,,,,,,,0.014,,0.006,0.014,,,,,0.002,,0,,,0.002,0.002,,,,,,,,,,,,0.012,,0,,,,,0,,,,,,,,0.002,,,,,,,0.004,,,0.006,,,,0.012
Armbor1,White-rot,0.018129032,8.24E-05,0.02,0.024,0.028,,,,,,0.012,0.03,,,,,0.01,,,,0.018,,0.01,,,0.008,,,,,,,,,0.016,0.03,,,,,,0.018,,,,,0.018,0.016,,,,,,,,,0.024,,0.008,,,,,0.008,,,,,,,,,0.022,0.02,0.028,,,,,,,,,0.026,,0.014,,,,0.006,0.032,0.036,,0.002,0.006,,0.024,0.028,,,0.012,0.008
Armga1,White-rot,0.004896552,1.13E-05,0.004,,,0.006,0.004,,,0.004,,,,,,,,,0.006,,,0.004,,0.002,,,,,0.002,,,0.006,,0.002,,,,,,,,,,,0.004,0,0.008,0,,0.008,,0.01,,0.004,,,,,0.006,0.006,,,,,,,,0.002,,,,,,,,0.014,,,,,,0,0.008,,,,,0.012,,0.002,0.006,0.004,,,,,,,,0.004,0.004,
Armcep1,White-rot,0.003703704,1.28E-05,,,,0.008,,0.008,,0.006,,,0.01,0.004,,,,,,,,,0.002,,0,0,,,,,,,,,0,,0.006,0,,,0,,0.002,0,,,0.01,,,,,0.002,,,,,,,,,,,0.004,,0.004,,,,,,,,0.004,,,,0,0.008,0.002,,,,,0.002,,0.002,,0.012,,,0.002,,,,,,,,,,,0.002
Armnab1,White-rot,0.003,7.66E-06,,0,,0.006,0.002,,,,,0.002,0,,,,0.002,0,0,,0.006,,0.002,,,0,,,,,0.002,,,,,0.002,0.006,0,,,0,,,,,,0.008,0.002,,0.008,,,,,0,,,0,,,0.002,,,,0.008,,,,,,,0.006,,,,,,0.006,0.006,,,,,,,,,,,,,,,0.004,,,0.004,,,0.004,0.002,
Armfum1,White-rot,0.002705882,1.06E-05,,,,,0.004,0.006,,,,,,,0,,,,0.006,0.002,0.006,,,,,,0,,0,0.002,,0.002,0,,,,,,0,0,0.002,,,,,,0.01,,0,,,0.006,0.006,,,,,,,0.004,0.002,,,,0,,,,0,0.002,0.002,,,,,0.004,0.002,,,0,,,0,,,,,0.014,,,,,,,,,0.006,0.002,0,0,,0.002
Armlut1,White-rot,0.01872,5.56E-05,,,,,,,0.022,,,,0.028,,,,0.006,0.016,,,0.02,,,,0.028,,,0.028,,0.012,0.006,,,,,,,0.012,,,0.022,,,0.016,,,,,,,,,,,,,,,,0.008,,,,,,,,,,,0.026,,,0.016,0.012,,,0.026,,0.018,0.028,,0.016,,,0.008,,0.028,,,,,,0.024,,,0.018,,,,,0.024
Armme1_1,White-rot,0.02728,7.76E-05,,,,,,0.042,,0.022,,,,,,,,,,,,,0.028,,0.034,,,,0.02,,0.016,,0.024,,,0.012,0.03,,0.022,,0.028,0.04,,,,,,0.024,,,,,,,,0.026,,,,,,,,,,,,,,0.034,,,0.03,0.026,,,,,0.042,0.02,0.02,,,,,0.03,0.014,,0.034,,,,,,,0.044,,,,,,0.02
Armect1,White-rot,0.080344828,0.000407448,,0.064,,,,0.048,,,,,,,0.088,0.1,0.084,,0.092,0.102,,,,,0.074,0.038,0.09,,,,0.066,,,,,,,,0.12,,,,,0.048,,,0.096,,0.096,,,,,0.058,,,,,,0.08,,,,,,0.06,,,,0.086,0.104,,,,,,0.058,,0.072,,0.102,,,0.076,,0.076,,,0.11,,,,,,,,,,0.066,,0.086,0.09
Armtab1,White-rot,0.013878788,6.07E-05,0.016,,,,,,0.012,,,,0.022,0.02,0.022,,,,0.034,,,,,0.014,,0.004,,,,,,,,,,,0.02,,,,,,,,,,,,0.016,,,0.006,,,0.008,0.014,,,,,,0.01,0.018,,0.008,0.018,0.002,0.006,,,,0.03,,,,,0.006,,,,,,0.006,,,,,,,0.008,0.008,,0.01,0.016,0.018,0.03,0.008,0.014,0.01,0.008,0.016,
Oudmuc1,White-rot,0.0216,5.45E-05,,,0.034,,,0.03,0.012,,,0.02,,0.02,,,,,,,,,0.026,,,,,,,,0.012,0.016,,0.01,,,0.018,,0.016,,,,,,,,,,,,0.028,0.024,,,0.022,0.034,,0.03,0.028,,,,0.018,,,,0.028,,0.006,,,,,,,,,0.02,,0.022,,0.02,0.018,,,,,,,0.016,,,,,0.032,,0.02,0.022,0.014,,,0.032
Cylto1,White-rot,0.094121212,0.000339485,,,0.092,,,0.068,0.084,,,0.09,,0.1,,,0.104,,,0.086,,,,0.08,0.074,0.064,0.118,,,0.092,0.06,,0.106,0.11,,0.086,,,0.116,,0.088,,0.07,0.112,,0.114,0.114,,,,,,0.112,,,,,,,,,,,,,,,,,,0.088,,0.106,,0.074,,,,0.078,,,0.138,,,,,0.114,,,0.098,,,,,,,0.1,,,0.096,,0.074
Cysmur1,White-rot,0.154947368,0.000338105,0.13,,,,,0.13,,,0.148,0.15,0.168,0.134,0.146,,,0.126,,,0.156,,,0.162,,0.136,,,,0.166,,,,0.138,,,0.188,,,0.184,,0.148,,0.172,0.174,0.162,,,,,,0.168,,,,,0.152,,,,0.148,,,0.128,0.162,,0.204,,,,,,0.154,,,,0.15,,,,0.154,,,,0.164,0.144,0.182,0.138,0.144,,,,0.138,0.164,,,0.144,,,0.148,0.184,
Schco2231_1,White-rot,0.006344828,1.60E-05,,,,,,0.004,0.006,,,,0.016,,,,,,0.002,,0.008,,,,0.002,,,0.002,,,,0.008,,0.006,0.004,0.008,,,0.01,,0,,,0.01,,0.01,,,,,,,,0.006,,,,,,,,,0.006,,,,,0.006,,0.006,0.006,,,,,,,,,,0.004,0.008,,,,0.012,,,,0.014,0.006,,,0.01,,0,,,,0,,0.004
Schco2251_1,White-rot,0.003904762,1.18E-05,,,,,,,,0.002,0.002,0.004,,,,,,,,,0.01,,,,,,,,,,,,0.006,,,,,,0.01,,,,,,,0.002,,,,,,,,,0,0,,,,,,,,,,0,,,,,,,0.008,0,,,,,,,,0.002,0.008,,0.004,0.004,,0.002,,,0.002,0.002,,,,,0.004,0.01,,,,
Schco2271_1,White-rot,0.003933333,1.50E-05,,0.002,,0.004,,,0.004,,,,0.016,,,,,0.006,,,0.002,0.002,,,,0,,0.006,,0.004,,,,,,,,,,,0.006,,,,,,0.004,,,0.002,,,,0.004,,,,,,,0.002,0,,0,,,,0.008,0.006,,0,0,0.01,,,,0,,,0.002,,,0.012,,0,,,,,,,0.004,,,,,,0.008,,0.002,0.002,
Schco2071_1,White-rot,0.004761905,2.62E-05,,,,,,,0.002,,,,0.018,,,,,,,,,,0.006,,,,,,,0,,,0.01,,,,,,,,0.004,,0.008,,,,,,,,,,,0.006,,,0.002,0.002,,,,0,0.012,,,0,,,,,,0,,0.002,0,,,,0,,,0.004,,,,,0.006,,0.004,,,,,0.014,,,,,,,,
Schco2272_1,White-rot,0.00648,2.58E-05,,,,,,0.006,,0.002,,0.006,0.016,0.01,,,0.002,,,,,0.004,,0.008,,,,,0.002,,,0.008,0.008,,,,,,,,,0.004,,,0.006,,0.014,,,0,,,,,0,,,,0.002,,,,,,0.004,,,,,,,,,,,,,,,,,,0.018,,,0.008,,,,,0.004,,0.002,,,0.002,,0.012,,0.014,,
Schco_LoeD_1,White-rot,0.005030303,2.95E-05,0.006,,,0,,0.004,0.004,,,,0.028,0.01,0.008,,,,0,,,,,,0,,,,,,0.008,0,0.006,0.002,,,,,0.012,,,0,,0.014,,,0.008,,,,,,,,,,0.002,,,,,0,,,0.002,,0.004,0.004,,,,0.002,0.004,0.004,,,,,,,0.004,,0.006,,0.002,0.004,0.008,,,,,0.002,,,0.006,,,0.002,,,,
SchcoZB2,White-rot,0.024384615,0.000148806,,0.016,,,0.02,,,,,,,0.026,,,,,,,,0.028,0.018,0.026,,,,,,,0.02,,,0.016,,,,,0.014,,,,0.024,,,0.03,,0.018,0.018,0.028,0.008,,,,0.016,,,,,0.034,,,0.02,,0.066,,0.028,,,0.024,,0.008,,,0.012,,,,,,,,0.036,,,,,,,,,,,,0.042,,,,,,0.038,
Schco_TatD_1,White-rot,0.007290323,3.75E-05,0.006,,,,0.008,,,0.014,,,0.03,0.012,0.01,0.012,,,,,0.008,,0.006,,,,0.004,,,0.006,0.008,0.002,0.01,,,,0.002,,0.016,,,,,0.014,,,,,,0.002,,,0,0.012,,,,0.004,0.004,,0.004,0,,,,,,,,,,,,,,,,,0,,,,,,,,,,,,,,0.006,,0.01,,,,0.002,0.006,0.006,0.002
SchcoZB1,White-rot,0.002714286,5.99E-06,0.004,,0,0.002,,,0.002,,,,,,,0,0.004,0,,0.004,,0.008,0.006,,,0,0.004,,,,,,,,,,,0.002,,,,,0.006,,,,0.002,0.002,,,,,,0.006,,,,0,0.004,,,,,0,,0,,,,,,,0.006,0,,,,,,,0.006,,,,,,,0.004,,0.002,,,,0,,,0.002,,,,,
Schrad1,White-rot,0.046896552,0.000235882,,,0.038,0.036,,,0.038,0.078,0.022,,,,,0.046,,,,,0.03,,,,,,,,0.044,0.042,0.04,,,,,,0.036,,0.046,,,,0.042,,,0.06,0.058,,,,,0.024,,0.06,,,,,,0.044,,,,,0.058,,0.022,0.076,,,,,0.062,0.03,,,,,,0.034,0.056,0.052,,,,,,,,,0.064,0.07,,,,,,,,0.052,,
Auramp1,White-rot,0.103241379,0.000457261,,,0.088,,,,,0.1,,,,,,0.114,0.108,,,,,,,,,,,0.088,,,,,,,0.1,,,0.112,,0.11,,,,0.132,0.1,0.132,,,,,,,,,,0.108,,,,0.098,0.132,,,,0.136,,,0.114,0.07,,,,0.114,,,,0.078,0.072,,,,,0.108,,0.152,,,0.084,,0.07,0.086,0.112,,,0.104,,,0.068,,,,0.104
Fishe1,Brown-rot,0.452956522,0.002017043,,0.448,,0.404,,,,,0.452,,,,,,,,,,,,,,,0.43,,,0.53,,0.48,,0.516,,,,,,,0.484,,,,0.47,0.508,0.486,,0.434,,,,0.404,,,0.37,,,0.412,,0.504,,,0.374,0.45,,0.4,,,,,,,,,,,0.486,,,,,,,,,,,0.43,,0.476,,,,0.47,,,,,,,,
Digmar1,White-rot,0.209351351,0.00056179,,,,,0.218,,,,0.154,,0.218,,,0.218,,,0.2,,,,,,,,0.232,0.23,,0.244,,,,0.198,,0.18,,0.23,,0.242,,,,,0.186,,,,,,,0.178,,0.24,0.196,,,0.226,0.218,,0.204,,,,,0.198,,0.228,0.186,0.228,,0.256,,0.182,0.218,,0.228,0.176,,,,0.224,,0.202,,0.172,,,,0.226,0.194,,,,0.2,0.206,0.182,,,,0.228,
Denmi1,White-rot,0.0434,0.000161067,,0.04,,,0.04,,,,0.056,0.07,0.048,0.05,,,0.052,,,0.04,,,,,,0.034,0.04,,,0.026,0.04,,,,,0.024,0.058,,0.034,,,,0.064,,0.042,,0.03,0.06,,0.03,0.056,0.042,0.048,,0.024,,,0.042,,0.04,,,0.06,,,,,,,0.06,,,0.038,,,,0.05,,,0.042,0.052,0.032,,0.026,,,,,,0.028,0.058,0.048,,0.036,,,0.058,0.018,,,,
PleosPC15_2,White-rot,0.039133333,0.000153844,,,,0.036,0.05,,,,,,0.03,,,0.038,0.034,,,,,,,0.044,,,,0.036,,,,,,0.03,,,,0.04,,0.028,,,,,,,,,0.056,,0.044,0.044,,,,0.04,,0.026,0.02,0.05,0.028,,,0.038,0.048,,0.046,0.014,,,,0.064,0.064,,,,,,,,0.036,,0.054,0.022,,,,0.052,,,,,,,,0.026,,0.036,,,,
PleosPC9_1,White-rot,0.191947368,0.000531349,0.18,,0.164,,0.158,,,,,0.188,,,,,,,0.206,0.176,0.204,,,,0.164,,,,0.212,,,,,0.182,,,0.17,0.17,0.206,,0.208,,,0.178,,0.15,,,0.23,,0.17,,,0.172,,0.222,,,,,,,0.184,0.162,0.2,0.246,,,,0.212,0.192,,,,,,,,,,0.224,0.222,0.228,,0.188,,0.202,0.194,,0.168,,0.186,0.19,,,,0.192,,0.216,0.178,,
Pleery1,White-rot,0.03424,0.000193773,,,,,,,,,0.022,,,,,,,,0.062,,,0.026,0.022,,,,0.032,,0.022,,,,,,0.034,,,0.046,,,0.05,,,0.036,,,,0.042,,,,,,0.034,0.028,,,,,0.036,,,,,,,0.048,0.018,,0.062,,0.04,,,,,,,0.032,,,0.022,,,0.032,0.04,,,0.024,,,,,,,,,,,,0.046,0
Aphpse1,White-rot,0.270466667,0.000370671,,0.262,,0.294,,,,,,,,,,,,,0.262,0.274,,,0.312,,0.294,0.25,,0.286,,,0.294,,,0.28,,,,,,,0.254,,,,0.294,,0.256,0.234,,,0.274,,0.286,,,,,,,,,,,0.28,,,0.268,,0.266,,0.248,,,,0.254,,0.284,,,,,,0.266,,0.258,,0.27,,0.276,,0.288,,,0.274,0.246,,0.23,,,,,
Radcon1,White-rot,0.048266667,0.000171789,0.052,,0.048,0.066,,,0.042,0.018,,,,,,,,,,,0.032,,,,,0.066,,,,0.066,,0.062,,0.054,,,0.062,0.06,0.04,0.044,,,,,,,,0.048,,0.07,,0.046,0.048,,,,,,,,,,0.046,0.054,,,0.038,0.026,,,,,,,,0.042,,,0.026,,,,,,,0.048,,0.058,,,,,,,,,0.032,,0.06,0.044,0.05,
Anobom1,Brown-rot,0.556689655,0.00327065,0.598,,,,,0.564,,,,0.58,,,,,,,,0.546,,0.552,,0.648,0.554,0.442,,0.61,,,0.556,0.51,,,0.64,0.486,0.492,,,,,,0.62,,0.608,,,,,,,,,,,,,,,,0.542,,,,,,,0.53,,0.656,,,,,0.472,,0.556,0.54,0.476,0.456,0.55,,,,,0.586,,,,,,0.602,,0.574,,,,,0.598,,,
Anokam1,Brown-rot,0.495933333,0.005623582,0.516,,,,,,,,,,0.592,,,,,,,,,,0.496,,,0.394,0.598,,,,0.548,0.422,,,,0.394,0.394,,0.544,,,,,,,0.494,,0.51,,0.496,0.568,0.524,0.54,,0.39,,,,0.442,,,,,,0.472,,0.486,,0.558,,,,,,0.388,,,,0.41,0.344,,,,,0.544,,0.594,,,,0.594,,,,,,0.532,,,0.5,0.594,
Amysub1,Brown-rot,0.920242424,0.000296939,,,0.91,,0.916,0.914,,0.924,,0.922,,,0.874,,0.922,,0.92,0.904,,,0.91,0.904,0.922,0.926,0.924,,,0.948,,,0.888,,,,,0.916,0.932,,,,,,,0.912,0.908,,0.926,0.928,,,0.93,,,,0.954,,0.932,0.936,,,,,0.898,0.938,,,,,,,,0.95,,,,,,0.904,,,,,,,,0.936,0.934,,,,,,,,,0.906,,,,
Plicr1,White-rot,0.324410256,0.001876669,,,,,,,,0.292,0.35,0.286,0.358,,0.38,0.356,,0.376,0.348,0.258,,,,,0.28,,0.358,0.382,,0.338,0.32,,,,,,,,0.332,0.336,,0.294,,,,,,,0.4,,0.33,,,0.29,,0.354,,,,,0.268,0.302,0.33,,,,0.222,,,,,,,,0.222,0.306,0.324,,0.29,,,0.31,0.35,0.324,,,,,,0.29,0.306,0.36,0.38,,,0.404,,0.338,,,0.308,
Intcon1_1,White-rot,0.084,0.001188,,,,,,0.076,,,,,,,,0.064,,,0.116,,,,,0.094,,,,,,,,0.058,,0.046,0.166,,,,,,,,,,0.088,0.056,,0.07,,,0.084,,,,0.032,,,0.052,,,,,,,,0.092,0.034,,,0.076,,,,,,,,,,,,,0.128,,,,,0.12,,,,,0.136,,,0.086,,0.09,,,,
Serbor1,Brown-rot,0.122727273,0.000631705,,,,,,,,0.1,0.102,0.128,,,,,0.114,,,0.082,,,0.122,,,,,,0.128,,,,,0.158,,,,,0.136,,0.14,0.154,,,,0.104,,0.114,,,,,,,0.116,0.164,0.106,0.156,,,0.114,0.148,,0.164,,,0.112,0.116,,,0.1,,,,0.142,0.16,0.15,0.098,,0.086,0.132,0.136,,,,,,,,0.094,,,,,,,0.084,,,,,0.09
Anoalb1,White-rot,0.205555556,0.008272025,,,,,0.102,,0.24,,,,,,,,,,,0.238,0.124,,0.226,,,0.072,,0.066,,,,0.088,,,,0.07,0.11,0.256,,,,0.296,0.288,0.252,,,,,0.298,,,,0.084,0.23,,,0.284,0.27,0.134,,,,0.264,,,0.358,,,,0.26,,0.316,,,0.226,,,,0.114,,,0.278,,0.27,0.258,,,0.26,0.086,0.226,,,,0.1,,0.304,,0.296,,,,0.056
Anomyc1,Brown-rot,0.051103448,0.000210453,,,,0.032,0.06,,,0.024,0.046,,,,,,,,,,0.074,0.04,,,0.044,0.036,,0.05,,,,0.05,,,,0.06,0.056,,,0.052,,,,,0.048,0.032,0.056,,,,0.03,,0.062,,,,,,0.076,0.038,,,,,,,,,0.054,,0.04,,0.068,,,,,,0.052,,,,,,,,0.07,,0.058,,,,,0.082,0.052,,,,,,,0.04
Fibsp1,White-rot,0.261692308,0.001557342,0.218,,,0.268,0.282,,0.258,,,0.238,0.266,0.314,0.242,,,,0.262,,,0.266,,0.266,,,,,,,,,,,,,0.218,0.184,,0.204,,,,,,,,0.296,,0.288,,,0.274,,,,,,,,,,,,,,,0.282,,,,,,0.296,0.18,0.24,,,,,0.256,,,,0.316,,,,,,,,0.31,,,,0.334,,,0.246,,
Hydpi2,Brown-rot,0.405777778,0.001680718,,0.372,0.404,,0.448,,,0.44,,,,,,,,,,0.294,,,,,,,,,0.372,,,,0.396,0.406,,,,,,,,,,,0.45,,,,0.396,,0.372,0.42,,,,,,0.43,,0.398,0.368,,,,,,,,0.446,,,0.41,,,,,,,0.37,,,,0.456,0.378,0.456,0.432,,,0.45,,0.364,,,0.472,,0.404,,,,,,0.352
PhlFC14_2,Brown-rot,0.921714286,0.002089397,,0.9,0.898,,,,,,,,,,0.858,,,,,,,,,0.89,0.896,,,0.96,0.974,,,,0.814,,,,,,0.962,,0.962,0.932,,,,,0.938,,,0.964,,,,0.964,,,,0.97,,,,,,0.97,0.868,,,,,0.968,,,,,,,,0.88,,0.834,,,0.898,,,0.91,0.96,,0.962,,,,0.912,,,,,0.872,,0.946,,0.946
Hygaur1,Brown-rot,0.647272727,0.007290494,,,,0.712,,,,,,,,,,,,,,0.494,,,,,0.584,0.616,,,,,,,,,0.612,,,,,,,0.712,,,0.726,,,,0.696,,,,,0.672,,0.78,0.644,,,,,,,,0.512,0.688,0.656,,,,0.69,,,,,,,,,0.444,,0.76,,0.57,0.662,,,,,,,,,,0.66,,,,0.722,,,0.628
Leumo1,Brown-rot,0.59504,0.005929707,,,,,,0.57,0.62,,,,0.71,,0.682,,,,,0.454,,0.646,0.57,0.648,0.54,,,,0.642,,,,0.604,,0.564,0.606,,0.658,,,,,,0.696,,,,,,,0.636,,,,0.536,,,,,0.604,,,,,0.5,,,,,,,,,,,,,,0.556,0.404,0.642,,,0.502,,,,,,,0.588,0.698,,,,,,,,,,
Conol1,Brown-rot,0.693925926,0.005814917,,0.646,,0.754,0.588,0.628,,0.722,,,,0.764,,,,,,,0.76,,,0.766,,,,,,,0.676,,0.686,0.632,,,,,,,,0.738,,,,,0.838,,0.738,,,,,0.606,0.54,,,,,,,,,,,0.63,,,,,,,0.794,,0.728,,0.778,0.594,0.684,0.594,,,,,,0.768,,0.712,,0.74,,,,,,,,0.632,,,,
Conpu1,Brown-rot,0.544176471,0.00408518,0.614,0.448,0.576,,0.466,0.45,0.556,,0.564,,,,,,,0.588,,,,0.564,0.524,,,,,,,0.604,0.446,,,0.452,,0.518,,0.612,0.57,,,,0.61,,,,,,,,,0.604,,0.466,0.434,,0.614,,,,0.596,,,0.61,,0.46,,,0.536,,,0.598,,,,,,0.488,,,,0.612,,0.534,,,,,,,,,,,0.582,0.544,,0.456,,,0.632,0.574
SerlaS7_3_2,Brown-rot,0.850111111,0.002885244,0.93,0.782,0.852,,0.844,,0.888,0.874,0.898,,,,,0.892,,,0.918,,0.83,0.848,0.858,,0.878,,,,0.83,0.92,0.89,0.904,,,,0.696,,,,,,0.826,,0.876,,,,,0.79,,,,,0.896,,,0.884,,,0.782,,,,,,0.892,,0.76,,,,,,,0.846,,,,,0.756,0.748,0.85,,0.856,,0.842,,,0.836,,,0.874,0.88,,,,,0.878,,,,
SerlaS7_9_2,Brown-rot,0.8211,0.004011989,,0.774,,,,,,,,,,,,,,,,,0.81,,,,,,,0.916,,,,,,0.882,,0.68,,,,,,0.814,,,,,,0.88,0.776,,,,,,0.792,,,,,0.776,,,,,,,,0.748,,,,,,,,0.88,,,,,0.722,0.848,,,,0.824,,0.83,0.816,,0.856,,,,0.9,,,,,0.898,,
Serla_varsha1,Brown-rot,0.726727273,0.003164455,,,,,0.674,,,,,,,,0.794,0.766,,,,,,0.724,0.656,,,0.736,,,0.688,,,,0.688,,,0.604,,0.768,0.806,,,,,,,,,,,,,,,,0.646,0.786,,,0.79,,0.712,,0.824,,0.702,,0.758,0.658,0.774,,,0.756,,,0.688,,0.768,0.694,0.708,0.594,,,0.758,,,,,0.716,,0.764,0.726,,0.758,,,,,0.722,0.776,,,
Pycco1,White-rot,0.004,1.14E-05,,0.006,0.006,,0,0,0.01,,,,,,,0.004,0.01,0.004,,0.004,,,,0.008,,,,0.002,,,,0,,,,,0,,0.002,,,0.004,0.012,,0.008,,,,,,0.002,,,0.002,,,,,,,,,,,,0.006,,,0.002,,,,0.004,,0.002,,0.006,,,,,,,,,,,,,0.002,,,,,,,,0,0.002,,,
Pycco1662_1,White-rot,0.000777778,1.48E-06,,,,,,,0.002,,0,,,,,,0.002,0.002,,0.002,0,,,,,,,0,0.004,,,,0,,,,,0,,,,,,,,,,0,,,0.002,,,,0,,,,,,,,,,,,0,,,,,,,0,,,,,,,0,,,,,,,,0,,,,,,,0,,,,,,
Pycsa1,White-rot,0.007473684,2.13E-05,,0,,0,,0.008,,,,0.006,0.006,0.012,,,,0.004,0.01,0.016,,0.004,0.016,0.016,0.008,0.004,,,,0.012,,,,0.008,,0.002,,,,,,0.008,,,0,,0.002,,,,0.002,,,,0.012,0.006,,0.004,,,0.008,,,0.006,0.01,0.01,,,,,0.004,0.016,,0.012,,0.006,0.006,0.004,,,0.012,,,,,0.004,,0.012,,,,,,,,,0.008,,,,,
Pycci1,White-rot,0.009611111,1.89E-05,0.01,,,,,0.018,0.004,0.006,0.006,,,,,0.006,,,0.004,,0.01,,,,,0.012,,0.008,,,0.012,,0.008,,0.008,,,,,0.01,,,0.02,0.01,0.016,0.01,,0.002,0.012,,,0.01,0.012,,,0.012,0.012,0.004,,0.016,,,,0.014,0.004,,,,,,,,0.008,,,,,,0.01,,,,0.008,,,,,,,,,0.002,0.006,0.01,,,,,0.01,,0.016,
Pyccin1,White-rot,0.0062,1.97E-05,0.002,,,,,0.006,,0.002,,,,,,,,0.012,,0.004,0.006,,,,,0.01,,0.002,,0.014,,,,,,,0.002,0.01,,,,,0.016,,,,,,,0.002,0.006,,0.014,0.01,,,,,,,,0.012,0.006,0.008,,,0.002,,0.002,,,,,0.004,,,0.002,,,,,,0,,,,0.004,,,0.01,,,0.002,0.004,,,,,,0.004,0.008,
Pycpun1,White-rot,0.035666667,0.000231884,,,,,,0.034,,,,,0.034,,0.022,,,,,0.034,,,,,,,,,,,,,,,,,,0.036,,,,,,,,0.016,,,,,,,0.02,,0.01,,0.032,,0.026,,,0.05,,,,,,,,,0.022,,,0.04,,,,0.018,,,0.04,,,0.04,,,0.03,,,,0.058,,0.028,,0.046,0.078,0.04,,,0.052,0.05,
Leisp1,White-rot,0.021,9.94E-05,,,0.034,,0.002,,0.008,0.02,,,0.016,0.006,,,,,,,,,,0.018,0.018,0.03,,,,,0.024,,,,0.03,,,,,,,0.03,,,,,,0.038,,0.038,,,0.028,,,,0.026,,,0.01,,0.036,,,0.026,,,,,0.016,0.036,,,,0.018,,,,0.02,0.018,,,,0.016,0.024,0.002,0.024,,,,,,0.014,,0.018,,0.016,,,0.012,,
Tramen1,White-rot,0.0063125,1.37E-05,,,,0.006,0.008,,,,0.002,,,,,0.016,,,,,,,0.01,,,,,0.012,0.002,,,,0.008,0.006,,,,,,,,,0.008,,,,,0.01,,,,,0.008,,0.004,,0.008,0,,0.002,0.006,,0,,,,0.006,0.002,,,,,,,,,,0.008,,,,,0.008,0,0.006,,,0.004,,0.008,,,0.006,0.004,,0.008,,0.006,,0.008,0.012,
Tralac1,White-rot,0.007571429,1.52E-05,0.01,,,0.002,0.008,,,,,0.004,,0.006,0.004,0.014,,0.006,,,,,,0.012,0.004,0.01,,,,0.004,,,0.012,,0.004,,,0.004,,,,,,0.014,0.004,0.002,,0.014,,,,,,,,,,,0.01,,,,,0.006,,,,,,,,0.01,,,,0.006,0.014,0.004,,,,,0.006,,,,,,,,,,0.01,,,,,0.008,,,,
Traci1,White-rot,0.009517241,3.65E-05,,,,0,0.004,0.006,,0.002,,,,,,,,,0.006,,,,0.022,0.014,,,0.012,,,,,,,0.012,,,,,0.006,0.008,,,0.018,,,0.002,,0.01,,0.016,,,,,,,,0.004,0.004,,,,0.008,,,,,,,0.014,,0.014,0.01,,,,,,,,,,,,0.006,,,,0.004,,,0.008,,,,0.008,0.01,,0.018,,0.024,0.006
Tralj1,White-rot,0.024705882,0.000121426,,,,,,,,,0.024,0.016,0.034,0.034,0.02,,,,,0.004,,,,,,,,,,0.036,,0.02,0.016,,0.016,0.018,,0.02,,0.022,0.034,0.032,,,,,,,0.008,,,0.014,0.042,,,,0.034,,,0.012,0.024,0.024,,0.032,,,0.022,,0.024,0.052,,,,0.02,,,,,,,,0.044,,,,0.016,,0.014,,0.044,,,,,,,0.024,,,,0.028,0.016
Trapub1,White-rot,0.016761905,6.50E-05,0.024,,,,,,,,,,,,,,,,0.02,,,,0.006,0.026,,,0.016,,,,,,,,0.024,,0.008,,0.012,0.01,,,,,0.008,,,,0.03,,,,,,0.006,,,,,,,,,0.008,,,,,,,,0.026,,0.022,,,0.008,,,,,,,,,0.024,,0.012,,,,,,,,0.028,0.016,,0.018,,,
Trave1,White-rot,0.013655172,4.69E-05,,,,,0.02,,,,,,,,,,,,0.012,,,0.02,,0.016,,0.012,,0.016,0.006,0.006,0.01,,,,,,,,,,,,,,,0.004,0.028,,0.022,,0.024,0.008,,,,0.024,,,,,,0.006,,,,0.012,0.008,0.01,,,0.016,0.016,,,,0.006,0.008,,,,,,,,0.01,,,,,,0.018,,0.016,0.026,,0.01,,0.006,,,,
Trabet1,White-rot,0.0144,4.20E-05,0.02,0.002,0.008,,,,,,,0.022,,,0.012,0.022,0.014,,,,,,0.012,0.024,,,,,,0.016,,0.006,,,,,,,,,0.018,,,,,,0.006,,0.008,,,,,,0.008,,0.014,,,0.014,,0.01,,,,,0.02,,,0.012,,,,0.016,0.026,,,,,0.018,,,0.01,0.006,0.024,,,,0.008,,,,,,,,0.024,,0.018,,,0.014
Tragib1,White-rot,0.051826087,0.000161787,,,,,,,,,,0.036,,,,,,0.052,,,,,,,0.066,0.042,,0.068,,,,,,,,,,,,,,0.044,,0.08,,,,,,,,,0.068,0.05,,,,,,,0.038,,,,,,,0.036,0.054,,0.052,,0.062,,0.04,,,0.058,,,0.062,0.032,,,0.036,,,,,,,0.056,,0.044,,0.058,,,,0.058,,
Trapol1,White-rot,0.0050625,1.11E-05,0.008,0.004,,,0.002,,,0,,,,,,0.006,0,,,,0.004,,0.012,,,0.004,0.006,0.004,,,0.004,0.008,,,,0.006,,,,0.008,,,,0.006,0.004,,,,,,,,,0.014,0.004,0,0.008,,,,0.008,0.006,,,,0.002,0.004,,0.008,,,0,,0.006,,,,,0.004,,,0.002,,,,0.008,0.002,,,,,,,,,,,,,,,
Tramax1,White-rot,0.006514286,2.24E-05,0.012,,0.012,0.016,,,,0.002,,0.002,0.008,,,,,0.004,,0,0.012,0.006,0.004,,,,,,,0.01,,,0.004,0.002,,,,,0,,0.002,,0.01,,0.008,0.002,,,,,0.008,0.012,,,0,,,,0.006,0.006,,0.01,,,,,,0.004,0.016,0.008,,0.016,0.002,0.008,,,,,,,,,0.006,0.004,0.006,,,,,,,,,,0,,,,,,,
Tramey1,White-rot,0.004,1.35E-05,0.008,0.006,,,,,,,0,,,,,0.006,0,,,,,,,,0.002,0.004,,,,,,0.002,0.006,0.006,,0.006,0.002,,0,0.002,,,,0,,,0.002,,0.002,,0.004,0.012,,,,0.006,,0.002,,0.002,,,,0,,0.004,,,,,,,,,,,,,,,,,,0.008,,0.004,0,,0.004,,,,0.008,,,0.014,,,0,,0.01,0
Artel1,White-rot,0.006689655,2.38E-05,0.016,,0.002,,,,,,0.006,,,,0.004,,0.01,0.004,,,,0,,,,,0.018,,,0.004,0.002,0.01,0.006,,,,,,,,,,0.01,,,,,,,,0.006,,,,,0.008,,0.004,,,,0.008,,,0.004,,,0.01,,0,,,0.012,,,,,,,,,,,,0.004,,0,0.004,0.008,,,0.016,,0.002,,,,,,,0.012,0.004
Artele1122_1,White-rot,0.00675,2.39E-05,,,,,,,0.004,,,,,0.004,,,,,,,,,,,0.004,0.008,0.022,0.006,,,0.008,0.006,,,,0.004,0,0.004,,0,0.004,,0.01,0.014,0.006,,,0.004,0.004,0.002,0.002,,0.004,,,0.01,0.01,,,0.012,0.004,,0.002,,0.004,0.008,,0.008,,,,0.004,0.016,,,0.002,0.004,,,,,0.002,,,,,,,,0.008,,0.014,,,,0.016,0.006,,,0.006,0.014,
Lenti6_1,White-rot,0.004176471,8.33E-06,,,0.002,,0.008,,,0,,,,0.01,,,,0.004,,,,,,,,,0.002,,,,,,,,0.002,,0,0.004,,0.01,0,,0.004,,0.008,0.004,,0.004,,,0.002,,,0.006,0.006,,,,,,,0.004,,0.002,0.002,,,0.004,0.006,,0.004,,,,0.006,,0.004,,0.002,0.002,0.012,0.004,,,,,,,0.002,,,,0.002,,0.006,,0.004,,,,,
Lenti7_1,White-rot,0.018857143,7.22E-05,,,0.026,0.034,,,,0.018,0.014,,,,,,,,,0.014,,,,0.018,0.014,,,,,,0.024,,0.01,,0.02,,,,,0.022,,0.024,,,,,,,,,,,0.026,,,,,,,0.018,,0.038,,0.008,,,0.024,,,,,,,0.012,,0.008,,,,,0.02,,,,,0.004,,,,,,,,,,,,,,,,
Sisbr1,White-rot,0.001823529,5.42E-06,,,0,0.006,,0,0,0,,,,0.008,,0.006,,0.004,,,0,0.006,,,,0,,,,0,,,,,0.004,,,,,,0,,,0,,0.004,0,0.004,,0,,0.002,,0.002,0.002,,,,,,,,0.002,0,,,0,,0.004,0,0.004,,,,,0,,,,,,,,,,,,,0,0,,,0.002,,,,,0.002,,,0,
Polar1,White-rot,0.007916667,3.63E-05,0.008,,,,0.002,,0.002,,,0.02,,,,,,0.004,,,,,0,,,,,,,0.006,,0.014,,,,,,,,,,0.01,,,,0.01,,0.02,,,0.01,0.012,0.018,,,0.004,0.002,0.01,0.014,0.004,,0.008,,,,,,,,,0.006,,,,,,,,,,,,,,0.004,,,,,,0.002,,,,,,,,,,,0
Polbr1,White-rot,0.002375,6.05E-06,,0,,,,0.004,0.002,,,,0.002,,,,0,0.006,0.002,,,,,,,,,,,,0.008,0.002,0.002,0.002,0.006,0,,,,,0.004,,,0.002,0,,,0.004,,0,0.004,,0,,,,,,0.004,0,,,,,,,,,,,,0,,,,,0,,,,,,0.002,,,0,0,,,,,0.004,0.002,,,0.006,,,,,0.008,0
Polsqu1,White-rot,0.010875,4.20E-05,,0.014,0.012,,0.006,,0.004,,,,,,,0.002,,,,0.01,0.004,0.024,,,0.014,,,,0.008,,,,,0.012,,,,,,,0.002,,0.018,,0.016,,,,,,,0.002,0.022,0.008,,,0.01,0.002,,0.014,,,,,,0.016,,,0.026,,,0.014,,,0.008,0.01,,,,,0.016,,0.014,,,0.004,,,,,0.014,,0.01,,,,0.01,,,,,0.002
Earsca1,White-rot,0.008384615,2.05E-05,,0.02,0.016,,,0.008,,,,,0,,,,,,,,,,0.012,,,0.008,,,,,0.006,0.01,,,,,,,,,,0.002,,,0.004,,,0.006,,,,,,,,0.01,,,0.004,,0.01,,0.01,,,0.01,,,,0.006,0.008,,,,0.004,,,0.01,,0.004,,,,,,,,0.016,,,,0.006,,,,,,,,0.01,0.006,0.012
Fomfom1,White-rot,0.032625,0.000217919,,,0.028,,0.046,,0.03,0.028,,,,,0.032,,,0.058,,0.022,,0.056,0.046,,,,,,,,,,,,,,,0.04,0.036,,0.01,,0.042,0.018,0.038,,,,,,0.014,,0.02,,,0.06,,0.012,,,0.012,,0.042,,0.008,,,,0.034,,,0.022,,,,,0.016,,0.036,,,,,,,0.044,0.054,0.038,,,,0.048,,0.03,,,0.024,,,,,
Hexnit1,White-rot,0.006529412,2.04E-05,,,,,0.004,,,0,0.002,,0.004,0.008,,,0.01,,,,0.004,,,,,0,,,,,,,0.008,0.012,0.012,,,,,,0.006,,0.008,,,0.006,,,,0.002,0.012,,0.006,0.008,0.002,0.006,0.002,,,,,,,0.016,,,0.006,,,,,,,,,0.008,,0.004,,,0.012,0.01,,,,,,,0.004,,0.002,0.016,,,,0.002,,0,,0.006,0.014,
Dicsqu463_1,White-rot,0.001444444,3.57E-06,0.006,,,,,0,0.002,,,,,0,,,,0.004,,,,,0.002,,0,0,0.002,0.004,,0,,0,0,,,,,,,,,0,,,,0,,0,0.004,0.002,,,,,,,0.002,,,,,,,,,,,0.004,,,,0.002,,,,,0.006,0,0,0,,,,0,0,,0,0,,,,0,0,0.002,,0.004,0.002,0,,,0.004,
Dicsqu464_1,White-rot,0.000923077,2.63E-06,0.006,,,,,,,,,,,0,,,,,,,,,,,,,,0.004,,,,,0,,,,0.002,,0,0,,,,0,,,,,0.004,,,0,0,,,0.002,,,0,0,0,0,,,0,,0,,,,,,0,,,,,,0,,,,,,,0,,,0.002,0,,,,,0.002,,,,0.002,0,,
Dicsq1,White-rot,0.039222222,0.000172635,0.034,0.028,,,,,,,,,0.062,,0.07,0.03,,0.044,,,,,0.042,0.016,,0.016,0.068,0.038,,,,,,,,,0.046,0.026,,0.034,0.05,,,0.038,0.044,0.044,0.058,,,,,,0.052,0.024,,,0.038,0.038,,0.04,,,0.022,0.022,,,,,,,,0.024,,,,0.052,0.046,,,,0.042,,0.036,,,,,,,0.042,,0.04,,0.044,,0.034,,,,,,0.028
Dicsqu18370_1,White-rot,0.003314286,7.05E-06,0.006,,,0.002,,,,0.004,,,,,,0.004,0.002,0.004,,0.006,,,,,0.006,,0,0.004,0,,,0,0.002,,,0.002,0,,0,0.002,,0.01,0,,0.004,,,0.002,,,0.004,,,,,0.006,0.002,,,,,,0.008,,,,,0.008,,,0.006,0.006,,,,0.002,,0,,,,,0.004,,,,0.004,,,0.004,,,,0,,,,,,,0.002,
Persub1,White-rot,0.008222222,2.60E-05,,,,0.002,,,,,,,,0.008,,,,,0.008,,0.002,,,,0.006,0.006,0.006,,,0.006,,0.012,0.014,,,,,,,,,,0.018,0.012,0.008,,,,0.008,,0.01,,0.006,0,,0.008,,0,,,,0.004,0.012,0.002,,0.01,,,,,0.006,0.022,0.018,,0.006,,,,,,,0.01,,,,0.012,,0.01,0.01,0.008,,0.014,,0.004,0.008,,,,,,,0
Fomro1,Brown-rot,0.957,0.000140703,,0.97,,,,,,,,0.964,0.974,0.96,0.964,0.974,,0.964,,,,,,,,0.944,0.974,,,,0.936,,,0.956,0.968,0.956,0.952,,,0.952,,0.976,0.966,,0.972,,0.952,,,,,,,0.97,0.964,,0.95,,0.968,,0.948,,0.952,,,,0.956,,,0.932,0.958,,,,,,0.952,,,0.964,,,0.948,,0.932,0.94,,,,,0.956,,,0.958,,0.94,,,0.954,,,0.95
Fomros1,Brown-rot,0.934266667,0.000188616,,,0.95,0.938,0.954,,0.94,,,,,0.918,,,,,,,0.928,,,,0.938,0.912,,,,,0.914,0.936,0.952,,,0.93,0.934,,0.946,,0.934,,,0.944,,,,,,,0.946,,,,,0.944,0.93,,,,,,0.936,,,,0.93,,0.946,0.92,,,,,,,0.922,,,,0.96,,0.932,,0.902,,,,,,,,,,,0.918,,,,0.926,,0.948
Antser1,Brown-rot,0.913142857,0.000312773,0.938,,,,,,,,0.898,,,,0.934,0.912,0.916,0.894,,,,,,,,,,,0.932,0.888,,,,0.914,,0.912,,0.922,,,0.918,0.946,,,,,0.918,,,0.88,0.912,,,,,,,0.878,0.906,,,,,0.924,,0.912,,,,,0.928,,,0.94,,,,0.938,,,,0.916,0.908,,,0.878,0.924,0.898,0.932,0.922,0.914,,,0.9,,,,0.902,0.912,,0.894,
Fompi3,Brown-rot,0.919058824,0.000348421,0.934,0.94,0.938,0.916,0.938,,,,,,0.932,0.902,,,,,,0.922,0.926,,,0.908,0.96,0.896,,,0.9,0.912,,,,,0.926,,,,0.902,,,0.936,,,,,,0.926,,0.868,,0.936,,,,,,0.89,,,0.904,,,0.928,,0.908,,,,0.912,,,0.938,,,0.922,,,,,0.932,,,0.942,0.924,,,0.902,0.92,,,,,,0.912,,,,,0.896,,
Pipbet1_1,Brown-rot,0.943217391,0.000351178,,,,,,,0.944,,0.964,0.956,,,,0.956,,,,,,,,,,,,,,0.954,0.93,,,0.932,0.95,,,,0.926,,,,,,,,,,,0.906,,,,,,0.948,,0.928,,0.98,0.904,,,,,,,,,,,0.954,0.958,,,,0.928,,0.954,0.948,,,,,,0.926,,,,,0.96,,0.958,,0.93,,,,,,,
Daequ1,Brown-rot,0.932666667,0.000342493,,,,0.932,,,,,0.96,,0.932,,,,,,,,0.934,,,,,,,,,0.946,,,0.948,,0.9,,0.926,,,0.926,,,0.954,,,,,,0.936,0.892,,,,0.96,0.926,,,,0.898,,,0.93,,,,,,,0.926,,,0.948,,,0.936,0.912,,,0.938,,,0.958,,0.928,,,,,,,,,,0.938,,,,,,,,
Pospl1,Brown-rot,0.8928,0.000373667,,,,,,,,,,,,,,,,,,,,,,,,,,0.888,0.864,,,0.892,,,,,0.896,,,,0.884,,,0.888,,0.876,,,,0.884,0.888,,,,,,,0.902,,,,,0.874,,,,0.894,,,0.898,,,,,,,0.92,0.878,,,,,,0.874,,,0.888,,0.86,0.9,0.938,0.924,,,,0.882,0.892,,0.93,,0.906,
PosplRSB12_1,Brown-rot,0.948461538,0.000153378,,,0.944,,,,,,,,,,,,0.942,,0.926,,,,0.96,,,,,0.956,,,0.93,,,,,,,,,0.954,,,,0.95,,0.948,0.928,,0.954,,,,,0.968,,,0.936,,0.948,,,0.95,,0.97,0.948,,,,0.958,,,,,0.958,,,,,0.964,,,0.956,,,,0.926,,0.944,,,,,,,,0.94,,,,0.942,0.96,
Antsi1,Brown-rot,0.944352941,0.000130296,0.964,,0.95,,,,,,,0.932,,0.956,0.954,,0.924,,0.936,,0.948,0.94,0.956,,0.968,,,0.958,0.942,,0.936,0.942,0.942,0.952,0.954,,,0.932,,,,,,,,,0.94,,,,,,,,,,,,0.922,,,,0.954,,0.94,,0.936,0.948,,,,,0.944,0.952,0.954,,,0.93,,,0.922,,,0.952,,,,,0.948,,0.936,,,,,,,,0.944,,,
Fibra1,Brown-rot,0.964153846,0.000105976,0.976,,,0.974,,,,,,,0.976,,0.954,0.966,0.972,0.97,0.946,,,0.978,,0.97,,,0.96,,0.95,,0.938,0.944,0.956,,,,,0.948,,0.976,0.97,,0.966,,,,0.952,,0.958,0.974,,,,,0.97,0.976,,,,0.964,0.972,0.954,0.966,,,,,,0.966,0.966,0.978,,,0.966,,,0.966,,,,,,,0.96,,,,0.966,0.958,,,,,0.972,,,,,,0.956,,0.972
Laesu1,Brown-rot,0.7919375,0.000523222,0.774,,,,,,0.806,,,,,0.824,0.788,,,0.774,0.794,0.79,,,,,,0.758,0.8,,,,0.756,0.808,,,,,,0.762,,,0.81,,,0.794,0.816,0.76,,0.788,,,0.766,,0.812,,0.752,,,,0.808,0.804,,,,,,,,,0.786,,,,,0.844,0.786,,,0.786,,,,,,,,0.78,,,,,0.834,,,,0.796,,,,0.812,0.772,0.802,
Wolco1,Brown-rot,0.951076923,0.000242954,,,,,,0.946,,0.95,,0.952,0.956,,,,,,0.938,0.97,,0.966,,,,,,,0.94,,0.954,,0.97,,,,,0.954,,0.93,,,,,,0.942,,0.962,0.928,,,,,,0.956,,,,0.902,,,0.942,,,,,,,,,,,,,,,,0.942,,,,0.966,,0.948,,0.958,0.958,,,,,,,,,0.966,,,0.966,,0.966,
Pycful1,Brown-rot,0.947515152,0.000420008,,,0.936,0.962,0.94,,,0.952,0.978,,,,0.902,,,0.952,0.912,,,,,0.94,,0.95,,,,,,,,,,,,,0.944,,,0.97,0.944,,,,,,0.912,0.912,,,,0.956,,,0.966,,,,,,,,0.934,,0.976,,,0.954,,0.95,,,0.942,,0.982,0.92,,,,0.958,,,0.956,0.93,,0.944,0.96,,,0.964,,,,,,,,0.976,0.962,0.932
Spalat1,Brown-rot,0.974,0.000211714,,,0.974,,0.964,,0.986,0.974,,,,,,0.988,0.964,,0.93,,,0.988,,0.968,,,,,,,,0.976,,,0.972,,,0.954,,,,,0.99,,,0.968,,,,,0.99,,,,,,,,,,,0.982,0.988,,0.954,,,0.984,,0.976,,,,,,,,0.95,,,0.988,,0.98,,,,,,,0.992,0.976,,0.988,0.972,,,,0.966,0.964,,,
Amylap1_1,Brown-rot,0.941517241,0.000157616,,,,,,,,0.934,,,,,,,,,0.906,,,,,,,0.952,,0.948,0.932,,0.94,,0.94,,,0.936,,,,0.958,,,,,,,,0.946,0.958,,,,,,,,,,,,,0.932,0.946,,,,0.946,,,,0.94,,,0.964,,0.952,,0.934,0.944,,,,0.924,,0.94,,0.934,,,,,,,0.962,,0.954,0.93,,0.934,0.95,0.942,0.926
Possti1,Brown-rot,0.930363636,0.000198364,,,,,0.934,,0.926,,0.944,0.916,,,0.912,,0.918,0.914,0.9,,0.942,0.936,,,,,0.918,,0.922,,,,0.938,0.94,,,0.946,0.916,,,,,0.932,,,0.932,,,0.926,,,0.946,0.952,0.944,0.942,,,0.944,,,,,0.926,,0.916,,,,0.952,,,,,,,0.93,,0.898,,,,,,,0.934,,0.946,,,,,,,,,,0.928,,,,,0.932
Cersu1,White-rot,0.294533333,0.000995568,0.356,,0.284,,0.298,,0.28,,,,,,,0.302,0.294,,,,0.27,0.296,0.348,0.298,0.272,,,,,0.234,,0.294,0.292,,,,,,,,,0.296,,,0.302,,,,0.332,0.266,,,,,,,0.282,,,0.256,,,,,,,,0.306,0.304,,,,0.266,0.28,,,,,,,,,,,,,,0.252,,,0.33,,0.384,,,,,,0.308,0.274,0.28,
Obbri1,White-rot,0.130727273,0.001159065,0.172,,,,,,,,0.11,,,,,,,,,,,,,,,,,,0.134,,,0.162,,0.146,0.112,,0.08,,,,,,0.156,,0.158,,,,,,0.106,,,,,,,,,,0.14,0.176,,0.136,,,,,,0.106,,,,,,,,,0.092,0.1,0.11,,,,,0.104,0.122,,,,,,0.176,,,,,,0.2,,,0.078
Flafl1,White-rot,0.029875,0.000250823,,,,,,,0.014,0.016,,0.034,,,,,,,,,,0.054,,0.03,,0.012,,,,0.076,,,,,,,,0.028,0.024,,,,,,,,,,0.026,,,0.054,0.016,,,,,,,0.034,0.028,0.05,,0.026,,0.056,,0.018,,0.036,0.016,0.03,0.022,,0.02,0.024,,,,,,0.042,,0.054,,,,,0.014,,0.022,0.034,0.01,,,,0.022,,,,,0.014
Irplac1,White-rot,0.053862069,0.000397123,,,,0.038,0.076,,,,0.024,0.048,,,,,,,,0.054,,0.086,,,,,0.036,,,0.094,,,0.05,,,,,,,,,,,,0.062,,,,,0.036,,,,0.066,,0.04,,,0.056,,,0.08,,,,,,,,0.064,,,,0.064,0.028,,0.046,,0.02,,0.054,0.06,,0.092,,,,0.046,,,,,,0.05,0.028,0.058,0.034,0.072,,,,
Hydfim1,White-rot,0.042333333,0.00023754,,0.042,,,,,,,,,0.04,,,,,,,,,,0.04,,,,,0.038,,0.09,0.034,,,0.042,,,,,,0.032,,,0.076,,0.03,,,0.036,,,,0.07,,0.05,,,,,0.046,0.034,,,0.044,,,,0.024,,0.034,,,,,0.068,0.036,,,0.024,,0.024,0.038,0.05,,,0.042,,,,,0.034,0.028,,,0.036,,0.044,,0.044,,,,
Cytmel1,White-rot,0.171214286,0.002259952,,,,,0.172,0.142,,0.132,,0.124,0.236,,0.138,,,0.224,,,0.086,0.228,,,0.172,0.108,0.226,0.222,,0.244,,,0.166,0.15,,0.154,,,,,,,,,,0.164,,,,0.11,,0.17,,,,0.124,,,0.11,,,,,,,0.188,,,0.196,,,,,0.158,,0.162,,,,,,,,0.226,,,,,,,,,,,,,,,,,0.262,
Trace1,White-rot,0.093230769,0.000956185,0.088,,,,,,,,0.054,,,,,,0.108,,,0.14,,0.094,,0.078,,,,0.094,,0.128,,0.06,,,,,,,0.114,,,0.142,,0.11,,,,,0.032,,,0.076,,,,,,,,,,0.146,0.074,0.086,,,,,,,,,,,,,,,,,0.08,,0.078,0.138,,,0.082,,,0.098,,0.11,0.03,,,,0.082,0.102,,,,
Cervir1,White-rot,0.150222222,0.003232406,0.21,,,,,,,,,,,0.22,0.09,0.12,,0.208,0.09,,0.116,0.252,0.152,0.128,,,0.214,,,,0.202,,0.194,0.152,0.116,,0.138,0.232,,0.184,,0.182,,,0.162,,,0.058,,,,,,0.206,0.15,,,,,,0.108,0.16,0.096,0.094,,,0.074,,,,,,,,0.05,,,,0.096,,,0.142,,,0.076,,0.22,,,,,,,,0.088,,,,0.188,,0.24,
Lepmol1,Brown-rot,0.198421053,0.00148544,,0.212,0.162,0.16,,0.182,0.18,,0.266,0.204,,,0.236,0.244,,,0.21,,0.188,,,0.256,,0.126,,,,,,,,,0.178,,0.166,,,,0.192,,,,,,,0.16,0.14,0.168,,0.204,,,,0.246,0.236,0.152,0.164,,,,0.238,0.246,,,0.214,,,,,,,0.268,0.15,0.228,,,0.15,0.178,,,,,0.2,,,0.162,,,,,0.192,0.256,0.206,,0.22,,,,,
Phchr2,White-rot,0.028466667,0.000270533,,0.014,0.018,,,,,,,0.01,0.014,,,,0.06,0.02,0.018,0.022,,0.014,,0.032,,,,,,0.036,,,,,,,,,,,0.014,0.02,0.032,,,,,,0.018,,,0.06,,,0.014,0.024,,,,,0.022,0.028,,,0.046,,,,,0.062,0.008,,,0.062,,0.022,0.05,,,,,,,,,,,,,,,,,0.028,,,0.034,,0.038,,,0.014
Phchr3_2,White-rot,0.03,0.000321647,0.03,,,,0.01,0.038,0.018,,,,,,,,0.066,,,,,,,,,,,,0.036,,,0.014,,,,,,,,,,,,0.024,0.022,,,,,,0.012,0.056,0.012,,,0.032,,0.024,0.018,0.022,,,0.032,,0.052,,,,0.01,0.076,,0.022,,0.07,0.016,,0.062,,,,,,,,0.01,0.04,,0.034,0.022,0.034,,0.024,,0.022,0.016,,,0.026,,,0.034,0.014
Phaca1,White-rot,0.103703704,0.000428524,,,0.08,,,,,0.074,,,,,,,,,,0.118,,,,,,,0.164,,,0.112,0.118,,,,,,0.1,,0.122,,,0.094,0.132,0.102,0.076,,,,,,,,,0.098,,,,,,,,0.1,,0.088,,,0.102,,,,,,,0.112,,,,,,0.102,,0.106,,0.092,,,,,,0.126,0.11,,0.06,0.082,,,,0.106,,0.112,0.112,
Phlgi1,White-rot,0.055096774,0.000465824,,,,,,,0.038,,,,,,,,,,0.042,,,0.076,,,,0.022,0.11,,0.036,,,,,,,0.036,0.048,0.076,,0.036,0.056,0.064,0.082,0.086,,,,,,,0.03,0.058,,,0.024,,0.046,,0.066,,,0.064,,0.054,,0.096,,0.036,0.034,,,,0.052,,,0.06,,0.046,,,,,,0.054,,,,,0.038,,,,,0.058,,,,,0.084,,,
Bjead1_1,White-rot,0.04248,0.000167093,,,0.028,,,0.038,0.03,0.038,0.034,,,0.054,,,,,0.026,0.044,,,,0.044,,,,,,,0.06,0.028,,,,,0.056,,,,,,,,,,,,,,,0.046,,0.044,,0.038,,,,,,,0.042,,,0.066,,,,,,0.036,,0.042,,0.042,,,0.016,,,,0.04,,,,,,,,,,,,,0.044,,,0.074,,0.052,
Phlrad1,White-rot,0.02168,0.000125893,0.038,,,,0.018,,0.018,,0.006,,,0.05,,,,,0.026,,,,,0.008,,,,,,,0.03,,,,,,,,,,,0.032,,,,,,0.024,0.02,,,0.036,,,,0.02,,,0.024,,,,,0.008,,,,,0.01,0.018,,,,,,0.012,,0.02,0.006,,0.026,,,,0.022,0.028,,0.034,,,,,,,,,0.008,,,,,
Phlcen1,White-rot,0.111677419,0.000663492,,,0.094,0.092,,,,,0.088,,,0.13,,,,,,0.146,,,0.142,,,,0.126,,,,0.132,0.074,,,,,0.094,,,,,,,0.128,,,0.064,,,,,,,,0.094,0.134,,0.122,0.098,,,0.136,,,,,,0.098,,,0.08,0.116,0.098,,0.116,,,,0.086,0.114,,0.166,,,,,,,,0.14,,,,,0.104,0.132,,,0.134,0.124,,0.06
Abobi1,White-rot,0.035533333,0.00039412,,,,,,,,,,0.008,0.078,,,,,,,0.04,,,0.05,0.028,,0.024,,,0.026,,,,0.048,,,,,,,,,,,0.054,0.036,,,,,,,,0.074,,,0.016,0.018,0.02,,,0.028,,,0.028,0.018,0.032,0.016,,,,0.012,,,,,0.042,0.012,,,,,,,0.052,,,,,,0.048,,0.064,,,,,0.02,,0.03,0.078,0.042,0.024
Abobie1,White-rot,0.068166667,0.000544086,,,,,,,,0.092,0.068,,0.102,,,,0.062,,,0.076,0.022,,0.092,,,,0.078,,,0.076,,,0.082,,,,0.044,,0.086,,0.038,,0.074,0.082,,,,,,,,,0.12,,,,,0.026,0.038,0.068,,,,0.062,,,,0.046,,0.088,,,,,0.048,0.05,,0.052,,,,0.086,,0.07,0.066,,0.072,,0.06,0.082,,0.09,,0.054,0.04,,0.046,,,0.116,,
Mersum1,White-rot,0.120592593,0.000867943,0.134,0.11,,,,,,0.114,0.124,,0.156,,,,,,,,,0.14,,,,,,0.126,,0.148,,,,,,,,0.136,,0.096,,0.142,,0.144,,,,0.062,,,0.124,,0.186,,0.12,,,,,,,0.094,,,0.092,0.1,0.078,,,,,0.13,,,,,,,,0.088,,,,,0.1,0.124,,,,,,,,0.076,,,,0.142,,,0.17,
Clibor1,White-rot,0.03976,0.000201107,,,,0.026,,,,,,,,,,0.052,0.064,,,,,,,,,,,,0.02,0.068,,,,,,,,,,0.024,,0.044,0.056,,0.05,,0.03,,0.044,,,,,,,,,,,0.028,,0.04,,,,,0.036,,,,,,,0.042,,0.038,,0.04,,0.016,,0.038,0.044,,0.024,,,,0.034,,,,0.04,,,,0.028,,,0.068,,
Cerun2,White-rot,0.014869565,4.36E-05,,0.014,0.012,0.01,,,,,0.016,,,0.018,,,,,,,0.008,0.012,,,,,,,,,0.01,,,,,0.01,0.014,,0.012,,,,,,,0.008,,,,,0.014,,,,,,,0.022,0.018,0.008,,,,,,0.03,,,,,0.008,,,,,,,,,,,0.024,,0.028,,,,,,,,,,,0.012,,0.01,0.024,,,,
Panru1,White-rot,0.026923077,8.39E-05,,0.032,,0.012,,,,,0.032,,,,,,0.04,,,0.034,,,0.028,0.048,,,,,,,,,,,,0.018,,,,,,,0.03,0.042,,,,,,,0.02,,,,,0.028,0.038,,0.02,0.02,,0.024,,,0.012,,,,,,,,,0.03,0.016,,0.026,,,,,0.02,,,,,,,,,,0.03,,,0.018,,,,0.034,,0.026,0.022
Antcit1,White-rot,0.099705882,0.000712275,,,,,,0.086,0.082,,0.116,,0.118,,,,0.142,0.104,,0.08,0.104,,0.118,0.118,,,0.168,,,,,,,,0.094,0.136,0.07,0.138,,,0.096,,,,,0.068,,0.046,,,,0.088,0.136,,,,0.102,,,,,,,,,,0.082,,,,,,,,0.092,0.084,,0.118,0.078,0.048,0.1,,,0.1,,,,0.078,,0.08,0.086,,,,0.112,,,,,0.122,,
Epityp1,White-rot,0.032551724,0.000107113,,0.03,,,,0.008,0.04,,,,,,0.03,,0.042,0.034,,,,,0.054,0.034,,,,,,,0.038,,,0.042,,0.012,,,,,,0.04,,,,,0.016,,,0.046,0.02,0.038,,0.038,,,0.032,,,,,,0.034,,0.034,,,,,,,0.04,0.026,,,,0.024,,,0.036,,,,0.032,0.028,,0.038,0.018,,,,,,,,,,,,0.04,,
Crudry1,Brown-rot,0.9238,0.000305752,,,,,,,,,,0.886,0.958,,0.892,0.936,,0.896,,0.928,,,,,,,0.942,,,,,,,,,,,0.894,0.922,,,,,0.908,,,,,0.928,0.924,0.93,,,,0.926,,,0.922,,,,0.936,,0.934,,0.932,,0.938,0.942,,,,,,,0.922,,,0.95,,0.926,0.932,,,,0.922,,0.924,,,,,,,0.94,,,0.898,,,0.912,0.914
Crison1,White-rot,0.048933333,0.000314133,,0.032,,,,0.032,,,0.072,,,,,0.042,0.096,,0.036,,,,,0.054,,,0.08,,,,,,,0.04,0.046,0.052,,,,,0.048,,0.074,,0.048,,,,,,,,0.04,,,,0.05,0.038,,,,,,,0.022,0.074,0.036,0.04,,0.056,,0.042,,,,,,0.054,,,,,,,,0.028,,,,,,0.074,0.028,,0.034,0.04,,,0.06,,,
Glocon1,White-rot,0.113111111,0.000760718,0.15,0.136,,,0.088,,,,,,,,,0.132,,0.134,,,0.11,,0.116,,,,,,0.082,,,0.07,,,0.124,,0.116,,,,0.096,,,,,,,,0.158,,0.082,,,0.154,0.08,,,0.102,,0.104,0.136,,0.16,,,,,0.11,,,,,,,,,,,0.102,0.068,,,0.11,,,,,,,,,0.128,,,,,0.072,0.134,,,,
Aurvu1,White-rot,0.085272727,0.000490205,0.146,0.078,,0.098,,,,,,,,,,0.112,,,0.102,0.072,,0.078,0.074,0.086,0.106,,,,,,0.086,,,,0.104,,,,0.104,,0.068,,0.106,,0.096,,,0.062,,,,,0.088,,0.046,0.056,,0.058,0.058,0.104,,0.07,,,,0.096,,,,,,,0.12,,,,0.106,,0.074,0.05,,,,,,0.07,,,,,0.08,0.08,,,0.08,,,,,,,
Lenvul1,White-rot,0.096162162,0.001592084,0.168,,,,,,,0.026,0.052,,0.094,,0.092,0.152,,,,,0.094,,0.104,,0.07,,0.1,,,0.106,,,0.088,0.066,,,0.074,,0.146,0.08,0.098,,,,,0.03,,,0.174,,0.056,0.102,,,,,,,,,0.144,,,,,0.14,,,0.068,0.164,0.044,,,,,,0.126,,,,,,,0.106,,,0.092,0.096,,,,,,,0.048,0.12,0.078,,0.132,0.068,0.134,0.026
Clapy1,White-rot,0.207357143,0.001449201,,0.188,,,,0.198,,,,0.176,,0.296,,0.224,,0.234,,,,0.176,0.198,,,,,,0.188,0.2,,,,,,,,,0.248,0.218,,,,,,0.138,0.192,,0.288,,,,,,,,,,,,0.206,,,0.182,,,,,0.18,0.268,,0.226,0.204,,,,0.212,,0.154,,,,,,,,0.19,,,,,,,0.156,,,,0.194,0.258,,0.214,
Lopni1,White-rot,0.009586207,3.13E-05,,,,,,0.01,0.008,0.004,,,,,,,,0.01,,,0.008,,,,0.006,,,,,,0.012,0.01,,0.012,,0.012,,,,,0.014,,,0.026,,0.01,,0.014,0.008,,,,,0.006,,,0,,,0.008,0.012,0.004,,,,,,,,,,,,,,,,0.004,,0.01,0.012,,,,,0.004,,,,,0.01,,,,0.002,0.006,0.024,0.012,,,,
Ricme1,White-rot,0.005032258,1.17E-05,,0,,,,,,,,,0.004,0.004,0.004,,,0.01,0.002,,,,0,,,0.002,,0.006,0.008,,,,,,,,,0.006,,,0.016,0.004,,,,,,,0.006,,0.002,,0.004,,,0.002,,,0.01,,,,,0.008,0.004,0.004,0.006,0.004,0.002,,,,0.008,,0,,,0.004,,,,,0.004,,,,,,,,,,0.006,,0.008,,0.008,,,,,
Scysp1_1,White-rot,0.0605,0.000368368,,,0.112,,,,,,0.056,,,,,0.052,,,,,0.08,0.044,0.036,,,,,,,,,0.068,,,,0.05,0.078,,0.044,,,0.05,,,0.04,,,0.074,,,,,,,,,0.064,,,,,,,,,0.068,,,,,,,,,,0.034,0.046,,,,,,,0.074,,,0.06,,,,,,,,,,,,,,0.08,
Varmin1,White-rot,0.0564375,0.000116835,,0.05,,,,0.07,0.06,,0.054,,,,,,0.054,0.058,,,0.068,0.05,,,0.048,,0.06,,,,,0.06,,,,,,,,,0.056,,0.076,,,0.046,0.068,,,,,0.066,,0.054,,0.038,0.066,,,,,,0.036,,0.054,0.058,0.038,,,,0.042,,0.082,,,,,,,0.048,,,,,0.056,0.066,,0.064,,0.06,,,,0.05,,,,0.05,,,,
Amycha1,White-rot,0.042827586,0.000224433,,0.038,,,0.032,0.048,,,,,,,,0.068,,,,,,,0.034,,,,,,,,,,,,,0.028,,0.032,,0.03,,,0.032,,,,0.054,,,0.052,,,0.04,,0.02,0.07,,0.042,,0.062,,,0.06,0.044,,,,,,,0.036,,,,,0.036,,,0.038,0.03,,0.044,,,,,,,,0.054,,,,,0.02,0.042,,,0.054,,0.078,0.024
Echtin1,White-rot,0.067028571,0.000338911,,,,0.094,,,,,0.042,,0.058,,,,0.046,0.058,0.08,,,,,,0.08,,0.06,,0.03,0.072,,,,,,0.058,,,,,,0.048,,,0.058,,0.076,0.076,0.064,0.088,,,0.092,,,0.082,0.052,0.088,,0.09,,,,0.058,0.078,,0.068,,,0.08,,,0.076,,,,,0.042,,0.044,,,,0.07,,,0.06,,,0.068,0.046,,,,,,,0.05,,,0.114,
Densp1,White-rot,0.107741935,0.001683398,0.092,,,,,,,0.044,0.048,,,0.192,,,,0.158,,,0.12,,,,,,0.162,,,,,,0.102,,0.122,,,0.09,,0.068,0.16,,,,,,,,0.188,,,0.098,,0.074,,0.152,,,,0.066,,,0.106,,,0.142,0.062,0.114,0.094,,,0.164,0.068,0.102,,0.086,,,,,,0.126,,,0.112,0.09,,,,,,,,,0.044,,,,0.094,,,
Laxbic1,White-rot,0.221212121,0.001874735,0.208,,,,0.204,,,,,,,0.292,,,,,,0.168,,0.18,,0.186,0.182,,0.29,,,,0.188,0.174,,0.186,0.234,,,,0.31,0.2,0.25,0.222,,,,,,,0.282,,,,,,,,,,,0.166,,,,0.2,,,,0.214,,0.22,0.216,,,0.25,,,0.142,,,0.158,0.22,0.282,0.264,,,,0.224,,,,0.22,,0.272,,,,0.266,0.23,,,,
Hercor1,White-rot,0.149419355,0.001725918,,,0.162,0.112,,,,,,,0.182,0.234,,,,0.19,0.118,,0.164,,,,0.104,,0.24,,,,,0.116,,,0.14,,0.106,,0.208,,0.188,0.134,,,0.122,,0.106,,,,,,0.098,,,0.152,,0.112,,,0.12,,,,,0.2,,,0.17,,,0.2,,,,,,0.1,0.118,,,,,0.158,0.182,,,,,0.102,,,0.166,,,,0.128,,,,,
Hetan2,White-rot,0.222969697,0.00113978,0.262,,0.244,0.224,,,0.19,0.196,0.21,,,0.246,0.222,,,,,,0.24,,,0.206,,,,0.228,,,0.266,0.172,,,,0.148,0.192,,0.272,,,,,,,,0.212,,0.3,0.202,0.198,,,,0.148,0.274,0.196,0.224,,,,,,,,0.234,,,,,,0.234,0.226,,,,0.254,,0.208,,,,,,,,0.228,0.23,,,,0.232,,,,0.24,,,,,,
Stehi1,White-rot,0.039818182,0.000198341,,,,0.036,,,,,0.04,,,,,,0.02,0.034,,,,,0.022,,,,,,,,0.038,0.028,,0.028,0.058,,0.06,,,0.028,0.038,,0.04,,,,0.066,0.032,,,,,0.066,0.026,,0.068,,,,0.03,0.022,,0.058,,0.022,0.042,0.036,,0.034,,0.046,,0.05,,,0.064,,,,0.038,,,,0.042,,0.03,,,0.032,,,,0.04,,,,,,,,,
Helsul1,Brown-rot,0.725310345,0.002367507,,,,,,0.75,0.656,0.77,,,0.762,0.674,,,,,,,,,,,,0.732,,0.66,,,,,,0.734,0.726,,,,0.75,,0.752,,,,,,0.768,,,,,,0.77,,0.724,0.768,0.774,,,,0.62,,,0.77,0.764,,0.79,,,,,,,0.73,,0.698,0.65,,,,,,,,,0.66,,0.726,,0.644,,,0.778,0.684,,,,,,0.75,,
Neole1,Brown-rot,0.902962963,0.000658268,,0.878,,0.898,,,,,,0.89,,,0.874,,0.916,0.898,0.932,,,0.914,,,0.914,,,,,0.934,,,,0.906,,,,0.92,,,,,,,0.896,,0.92,,,,,,,0.924,,,,,,,0.81,,0.892,,,,,,0.934,0.92,,0.88,,0.902,,0.878,,,,,,,,,,,0.924,,,,,0.904,,,0.904,0.894,,,0.924,,,
Glotr1_1,Brown-rot,0.771142857,0.003381029,,,,,,,0.714,,,,,0.75,,,,,,,,,,,0.812,,,0.684,,,,0.794,,,,,,,,,,0.812,,,0.82,0.816,,,,0.826,,0.752,,,0.728,,,,,,0.652,0.808,,,,,,0.856,,,,0.772,,,0.814,,0.716,,,,,,,,,0.702,,,,0.71,0.838,,,,,,,,,,,0.818
Velabi1,Brown-rot,0.864,0.000241143,,0.87,,0.846,,0.882,,0.862,0.862,,0.884,,0.844,0.862,,0.864,,0.826,,0.872,,,,,,0.874,,,,,0.87,,,,,,,,,,,0.85,,,,,,,,,,,,,,,,,,,0.858,,,,,,,,,0.862,,,,,,0.868,,,0.902,,,,,,,0.856,,,,0.874,,,,0.856,,,,0.864,,
Jaaar1,Brown-rot,0.305025641,0.002570289,0.36,,,0.236,,0.272,,,,,0.374,,0.306,,,,0.318,0.29,0.276,,,,0.252,0.206,0.396,,,0.406,,0.28,,,0.27,0.292,0.264,,,0.338,0.276,0.37,,0.416,,0.28,0.376,,,,0.264,0.26,0.342,0.32,0.28,,,0.254,,,0.238,,,,0.286,,,,,,0.34,0.32,,,0.24,0.308,0.318,,,,,,,,,,,,,,,,0.35,,,0.324,,0.332,,,,0.266
Borrad1,Brown-rot,0.894516129,0.000321325,,,,0.852,,,,,0.892,0.902,0.89,,,,0.892,,0.916,,,0.884,,0.894,,,,,0.908,,0.886,,,,,,,,0.886,,,,0.906,,,,,,,,,0.88,,,,,0.886,,,,0.868,0.87,0.874,,,,0.918,,,,0.87,,,0.91,,,,,0.902,0.89,0.924,,0.89,0.89,0.902,,,,0.932,,0.904,,,,0.898,,,0.892,,,0.922,
Vuico1,White-rot,0.012615385,2.94E-05,0.008,,,,0.018,,,,,,,,,,,0.018,,0.006,,0.02,,,,,0.022,,,,0.012,,0.014,0.01,,0.008,,,,,,0.002,0.014,,,,,,,,,,,0.018,0.002,,,,,0.01,,,,,0.018,0.016,,,0.012,,0.02,,0.01,0.018,,0.014,,,,,0.01,,,0.01,,,,,,,0.01,,,,,,0.008,,,,,
Vuicom1,White-rot,0.010714286,2.82E-05,,0.01,,,,0.004,,,,,,,,,,,,,,,,,,0.01,0.016,0.012,0.002,,,0.018,0.01,0.014,0.018,,,,,,,,0.016,0.01,,,,0.016,,0.006,0.01,,0.024,,,,0.006,0.004,,0.014,,,0.006,,0.006,,,0.012,,0.006,0.018,,,,,,,,,0.008,,,,,,,,,0.01,,,,,,,,,,0.006,,,0.008
Punst1,White-rot,0.027230769,6.37E-05,,,,,,0.026,,,,,,,0.034,0.02,,,0.046,0.038,,,,0.038,,,,,,0.042,,,0.018,,0.032,,0.024,,,,0.026,,,,,,,,,,,,0.022,,,,0.034,,,0.018,0.02,0.024,,,,,,,0.014,,,,,0.022,,,0.024,,,0.034,0.02,,,,,0.026,,0.03,,0.026,,,,0.022,,,,,0.028,,,
Galinc1,White-rot,0.375555556,0.002048103,,,,,0.396,,0.324,,,0.372,,0.462,,0.39,0.406,,,,,,,,,,,0.444,,0.382,0.384,,,,,0.33,0.286,,,,,0.396,,,,,,,,,,0.262,0.344,,,0.374,,,,,,,0.352,,,,,0.372,,0.396,,0.326,,0.4,,,,,,,,,,,0.366,0.358,0.41,,0.44,,0.362,,,,,,0.382,,,,0.424,
Xentul1,White-rot,0.270076923,0.001704474,0.274,0.192,,,,,,,0.222,0.25,,,,,,,,,,,,0.262,,,0.31,0.378,0.25,,,,,,0.34,,,0.258,,0.304,,0.288,,0.272,,,0.282,,,,,,,,,,,0.234,,,,,,0.242,0.334,,,,,0.246,,,0.286,0.32,,0.24,,,,,,,,,,,,0.258,,0.236,,0.26,,,,,,,,0.246,0.238,
Xenvag1,White-rot,0.183692308,0.001694008,,,,0.236,0.134,0.15,,,,0.202,0.196,0.19,,,,0.198,,,,,,,,0.162,,0.25,0.164,0.2,0.148,,0.15,,0.286,,0.178,,,,0.186,0.19,0.156,,0.17,0.126,,,0.186,0.264,,,0.22,,,,,,0.17,,,,,,0.25,0.156,,,0.136,,,0.168,0.216,0.248,,,,0.126,,0.116,,,,,,,0.19,,,,0.182,,0.232,0.148,,,0.164,,0.178,,,0.142
Phlsub1,White-rot,0.394285714,0.004133314,,,,,,,0.438,,,,0.452,0.438,,,,,,,,,,,,,,0.49,,0.4,,,,,0.456,0.336,,0.486,0.33,,,,,0.454,,,,,,,,,,,,0.332,,,,,,0.334,,,0.418,,,,,,0.312,,,,0.3,,0.304,,,,,0.32,0.45,,,0.396,,,0.444,,,,,,,,,0.39,,,,
Porchr1,White-rot,0.083870968,0.000745583,,0.058,,0.048,,0.038,,0.066,0.084,,,,0.07,0.118,0.11,0.112,,,,0.078,0.134,,0.114,,0.088,,0.098,0.06,,,,0.098,,,,,,,,,0.076,,0.078,,,,,0.07,,,,,,,,,,,,,,,,,,0.092,0.092,,,,0.054,,,,0.094,0.08,,0.038,,0.132,,0.104,,,,0.032,,0.108,,,,0.064,,,,,,0.112,,
Pornie1_2,White-rot,0.088,0.000634462,0.098,,0.062,,,,,,0.096,,,0.086,,0.114,,0.108,,,,,0.122,,0.122,,,,0.098,,,,,,,0.08,0.038,0.11,,0.078,,,,,,0.076,,,,0.082,,,,,,0.082,,0.042,,,,0.042,,0.07,,,,,,0.118,,,,,,0.07,,,,,0.1,,,0.108,0.062,,0.12,,,0.114,0.078,,,,,,,,,,,
Pheign1_1,White-rot,0.083631579,0.00046959,,,,0.068,,0.058,0.056,,,0.052,,0.118,0.09,,0.114,,0.092,0.06,0.048,,,,0.08,,0.088,,,,,,,,,0.096,,0.084,0.092,,,,,0.096,0.088,,,,,,0.07,,,0.07,0.086,0.07,0.09,,,0.082,,,0.076,0.062,,0.104,,,0.114,0.142,,,,0.058,,0.104,,,,,0.102,0.124,,0.086,,0.066,0.086,,,,,,0.074,,,0.078,0.054,,,,,
Fomme1,White-rot,0.156533333,0.00060412,,,,,,,,,,0.156,,,0.196,,,,,,,0.124,0.15,,,,,,,,0.14,,0.18,0.154,,,,,0.174,0.1,,,0.184,,0.178,0.148,,,,0.146,0.17,0.164,,0.14,,,,,0.194,,0.132,,,,,0.166,0.116,,,0.162,,,,0.184,,0.162,,,,,0.146,,,,0.15,,,,,,,0.18,,,0.114,,,0.134,0.164,,0.188,
Onnsc1,White-rot,0.397526316,0.002423229,,0.378,0.446,0.42,,0.334,,,,,0.452,0.46,,,0.37,0.398,,,,,0.42,,,,,,0.372,,0.426,,0.358,0.444,0.318,,0.368,,,,,0.35,,,0.382,0.364,0.42,,0.37,0.362,,,,,,0.39,,,0.346,0.396,,,,,,,,0.36,0.448,,,,,,0.416,,,,0.394,0.236,0.392,0.386,0.404,,,,,,0.45,,0.44,,0.448,0.44,,0.504,,,,0.444,,
Pheni1,White-rot,0.2142,0.001834484,0.3,,0.258,,,,,,,,,,,,,,0.272,0.188,,,,,0.238,0.156,,0.24,,0.2,,0.162,,,,,,0.208,,,,0.21,,,,0.182,,0.162,,0.156,,0.178,,,,,,,,,,,,,0.214,0.232,,,,,,0.206,,,0.242,,,,,,,,,,,,,,,,,,0.28,,,,,,,,,
Phefer1,White-rot,0.238066667,0.001307168,0.286,,,0.262,0.212,,,,0.238,,0.296,0.27,,0.214,,,0.256,,,,,,,,0.256,,0.252,,,,0.292,,,0.168,,,,,0.174,,,,,,,,,,,,,,0.234,,0.216,,,,0.216,,0.22,,0.242,,,,,0.244,,,,,0.224,,0.24,0.234,0.188,,0.212,0.298,,,,,0.208,,,,,,0.306,0.194,,0.264,,,,0.226,,
Triab1_1,White-rot,0.054275862,0.000269064,,,,0.032,0.046,,,,,0.078,0.084,,,,,,,,,,,,0.068,,0.07,0.05,,,,0.042,,,,,,,,,0.046,,0.078,,,,,0.036,0.038,,,0.038,,,,0.042,,0.038,0.044,,0.07,,,,,,,,,,0.044,,0.046,0.058,,,0.08,0.04,0.036,,,0.068,,,,0.062,,,0.052,0.082,,,,,,0.042,,,0.064,,,
Schpa1,White-rot,0.151214286,0.001242471,,,,,0.104,,,,,,,,0.176,,,,,,,,0.192,,0.166,0.05,0.142,,0.144,,0.126,,,0.194,,,,0.17,,,,,0.194,,,,,,,,0.114,,0.108,0.176,,,,,,0.162,0.178,,,0.158,,,,,,,0.126,,0.102,0.182,,,,,,,,,,,,,,,0.19,0.132,0.166,,,0.162,0.16,0.19,,0.154,,,,0.116
Rigmic1,White-rot,0.101166667,0.000699743,,,,,,,,,0.102,,,,0.096,0.1,0.146,,,0.08,,,0.154,0.11,0.12,0.062,,,,,,,,0.118,,0.088,,,0.094,0.068,,0.134,,0.14,0.084,0.06,0.088,0.09,,,,,,,,,0.112,,,,0.108,,,,0.082,,0.102,0.094,0.108,,0.068,,,,,0.088,,0.138,0.056,,,,,0.106,,,,,0.088,,,,0.096,0.12,0.06,,,,0.138,,0.144,
Resbic1,White-rot,0.158344828,0.001293734,0.16,,0.192,,,0.132,,,,,0.162,0.196,,,,,0.168,0.15,0.144,,,,,,,,0.18,,,0.092,,,,,,0.174,,,0.148,0.154,,,,0.088,0.122,,0.192,,,,0.098,,,,0.196,0.152,,,,,0.224,0.166,0.168,0.242,,,,,,,,,,,0.138,,,,,,0.17,0.17,,,,,,0.14,,,,,0.11,,,0.164,,,,
Sidvul1,White-rot,0.380882353,0.001570713,0.502,0.392,0.378,0.374,,,,,,0.354,0.424,,0.342,0.384,,,0.392,,,,,,0.368,,,0.382,,,0.346,,0.398,,,,,,0.422,,,,0.424,,,,,,,,,0.352,,,0.368,0.348,,,,0.378,0.356,,0.392,,,0.42,,,0.364,,,0.346,0.368,0.32,,,0.39,,,0.312,,0.436,,,0.312,,,,0.384,,,0.366,,,,,,,0.412,,0.444,
Sisni1,White-rot,0.169611111,0.004700987,,,,,,,0.274,0.08,,,,,0.132,,,,,0.14,0.12,,,,,,,0.216,0.112,,0.194,,,0.128,,,0.142,,,,,,0.288,,,0.114,0.13,0.12,0.164,0.122,,,,0.174,,,0.134,0.126,0.11,,0.144,,0.168,,,0.348,,0.136,,,,,,0.154,,,0.244,,,,0.284,,,0.128,,,0.138,0.152,,,0.124,0.172,,0.112,,,,,0.328,0.158,0.296,
Sissu1,White-rot,0.141259259,0.006142815,0.132,,,,,,0.246,,0.072,,,,,,0.092,,,,,,,,0.092,0.062,,0.192,,,,,,,,0.092,,,,0.066,0.088,,0.256,0.092,,,,,,,0.078,,0.088,,,,,,,0.09,,,,,,0.302,0.096,,,0.098,,0.122,,,,0.09,0.224,,,,0.284,,,,,0.114,,,0.088,,,,,,,,,0.132,0.284,,0.242,
Pormuc1,White-rot,0.134538462,0.000671218,,0.142,,,0.078,,0.168,,,0.138,,,0.136,,,,,,,,,0.138,,,,,,,0.152,,0.154,,0.128,,,,,,,0.144,,,,0.084,0.116,0.112,0.186,,,0.124,,,,,0.156,,0.124,,,,,0.128,,,,0.124,,,0.106,0.162,,,0.12,,,,,,,,,,,,0.106,0.176,,,0.148,0.148,,,,,,,,,,
Sphst1,White-rot,0.10362963,0.000559704,0.14,,,,0.134,,,,,,,,,,,0.09,,,,0.132,,0.126,0.09,0.114,0.082,,,,0.114,0.094,,,0.072,0.082,,,,0.072,,0.084,,0.08,,,,0.114,,,0.078,,,,,,,,0.108,,,,,,,,,0.102,,0.122,,,,,0.114,,,,,,,,0.116,,,,,,0.148,,,0.142,0.08,,,0.072,,,,0.096,,
Exigl1,White-rot,0.0636,0.00036949,0.044,,,,,,,,0.046,0.054,,,0.04,0.04,,0.076,,,,,,,,0.042,,,0.05,0.068,0.056,,,,0.118,,0.078,,,0.07,,,0.042,,,,0.06,,,,,,,0.072,,,,,,,,0.074,,,0.092,,0.082,,,,0.052,,0.048,0.1,0.06,,,0.078,,,,,0.062,,,,,0.054,0.082,,,,,,0.066,0.04,,,,,,0.062
Aurde3_1,White-rot,0.034518519,0.000126028,,,0.03,0.028,,0.034,,0.04,,,,,,,,,0.032,,,0.032,0.046,,0.042,,0.032,,,,,,,,,,0.05,,,0.032,0.058,0.046,,,,,,,0.04,,,,,,0.018,0.034,,,,,,,,,,,,0.034,0.02,,,,,0.042,,,0.016,,0.03,,,,,,,0.032,,,0.058,0.016,0.04,,0.024,,,,,,,0.026,,
Sisrad1,White-rot,0.175235294,0.001045822,,0.106,,,0.176,,,0.18,,,,0.212,,0.212,,,,0.122,,0.152,0.23,,,,0.192,0.198,0.124,,,,,0.148,,0.166,0.156,0.188,0.184,,,,,0.198,0.154,,0.168,,0.096,,,,0.178,,,,,,0.182,,,,,,,,,,0.168,0.214,0.174,,,,0.186,0.18,,0.178,,,,,0.198,,,,0.228,,0.186,,,,,,,,,0.22,0.162,,,0.142
ClaPMI390,White-rot,0.18172973,0.001179369,,,,,,,,0.19,,,,,,,,0.192,,,,0.214,,,,,0.184,0.218,0.202,0.178,,,,,0.168,,,,,0.152,0.144,,,,0.174,0.166,0.17,0.172,,,,,0.148,,0.12,0.208,0.166,,,,0.104,0.166,,0.166,,0.176,0.186,0.226,,,0.228,0.168,,,,0.168,0.118,0.19,,0.182,,,,,0.218,,0.266,,0.218,,,,0.17,,0.188,,0.254,0.166,,,,
Sisser1,White-rot,0.146808511,0.000706897,,,0.104,,0.182,,,0.156,0.12,,,0.188,,0.192,,0.158,,,0.124,,0.156,0.156,,,,0.186,,,0.144,0.13,0.132,,0.166,0.182,,0.164,,0.162,,,0.126,,,0.128,,0.114,,0.124,0.122,,,,,0.116,0.106,0.138,0.184,0.162,,,,0.134,,,0.118,,,,,,,0.16,,0.134,0.11,,0.132,0.12,0.148,0.176,,0.168,0.14,,,0.134,0.178,,,,0.13,,,0.142,,0.224,0.148,0.15,,0.132
Botbo1,White-rot,0.248740741,0.001753892,,,,,,0.198,,,,,,0.332,,0.336,,,,,,,,0.262,,,,,,,,,,,,,0.306,,,0.276,,0.224,,,,,0.238,0.194,,,,0.28,,0.256,0.21,,,0.28,,,0.19,,,0.216,,,,0.252,,,0.208,0.272,,,0.17,0.236,0.246,0.248,0.24,,,0.24,0.266,,,,0.306,,,,,,,,,0.234,,,,,,
Calco1,Brown-rot,0.97,0.000181053,0.974,0.978,,,0.988,0.968,,0.976,,,,0.986,0.94,,0.96,,,,,0.97,,0.954,0.982,,0.964,0.98,,0.978,,,,0.974,0.978,0.96,0.974,,0.96,,,,,,0.99,0.978,0.972,0.97,,,0.966,0.974,,,,0.944,0.984,,,,,,0.958,,,0.954,0.972,,,0.98,,,,,,,,,,,,,,0.962,,,,,0.97,,0.986,,0.982,0.974,0.928,,0.962,,,,0.98,
Calvi1,Brown-rot,0.963853659,0.000215878,,,,,,0.96,,,,,0.988,,0.94,0.948,0.944,0.976,,0.966,,0.958,,0.95,,0.982,,0.97,0.972,,0.966,,,0.968,,,,0.974,,,0.98,,,0.96,,0.966,,0.962,,,,0.954,,0.976,,0.93,,0.968,,,0.946,,0.948,,0.97,,,,,,,,,0.982,0.984,,,,,0.978,,,,0.952,0.97,0.976,,,0.964,0.974,,0.97,,0.968,0.924,0.978,0.956,0.972,,,,0.948
Cercer1,Brown-rot,0.967741935,0.000175398,,,,0.982,0.98,,0.98,,,0.952,,,0.95,,,0.968,0.988,,,,0.966,,,,0.97,,0.974,,,,0.96,,,0.944,,,,,,,0.97,,,,,,,,,,,,0.956,,,,0.974,,,0.954,,,,0.946,,,0.976,,0.966,0.988,0.98,,,,,0.982,,,,0.982,,,0.974,,0.968,0.968,,,0.972,,,,0.938,0.962,,0.976,0.954,,,
Cercru1,Brown-rot,0.920133333,0.000558051,,0.954,0.942,,,0.91,,0.952,,,,,0.882,,,,,,,,,0.918,0.944,,,0.962,0.942,0.932,0.936,0.896,,,,0.932,,,,,,,0.946,,,,,,,0.944,0.894,,,,0.914,0.88,0.946,0.902,,0.912,0.898,0.896,,,,,,,,,0.904,,,,,,,,,,,,0.92,0.892,,,0.892,,,,,,,0.936,0.922,,,,,,,0.904
Dacruf1,Brown-rot,0.849090909,0.000838372,,,,,,,,0.888,,,,,,0.814,0.878,,,0.808,0.84,0.888,,,,,,,,,,0.812,,,,,0.858,,0.832,,,,,,,,,,,,0.812,,,,,0.81,,0.85,,0.874,,0.842,,,,,,0.886,,,0.822,0.854,,,0.88,,,,,0.862,,,,,,,,0.864,,,,,,,,,,0.884,,,,0.822
Dacsp1,Brown-rot,0.954,0.000249538,,,,0.972,,,,,,0.948,,,,,,,,0.964,,,0.958,,,,,,,0.976,,,,0.962,,0.958,0.918,,0.96,0.96,,,,0.954,,,0.958,0.928,,0.948,,,,,,,,,,,,,0.936,0.95,0.956,0.94,0.94,,,,,,,,,0.976,,,0.976,,0.968,,,0.946,,,0.952,,,,,,,,0.924,,,,0.954,0.976,,
Dactor1,Brown-rot,0.961794872,0.000180167,,0.972,,,,,,,,0.942,,,,0.95,,0.958,,,0.964,0.96,0.978,0.96,,,,,0.954,,,0.948,0.98,,0.956,0.968,0.952,,0.94,0.944,,,0.97,0.954,,,0.962,,,,,0.968,,,,0.922,,,0.97,,0.948,,,0.964,,0.954,,0.974,0.972,0.984,,,0.962,,0.97,,0.97,,,,0.978,0.978,,,,,,0.952,0.964,0.966,,0.98,,,,,,,,0.976,,0.946
Uniuni1,Brown-rot,0.799354839,0.00124117,,,0.824,,,0.796,0.83,,,0.804,,,0.76,0.724,,,,0.738,0.778,,,,,,0.798,,,0.79,0.842,0.756,,,,,,,,0.808,,,,,,,,,,0.828,,,,0.85,,,0.832,,,,0.728,,,,0.794,0.792,0.792,,,,,,0.818,,,,0.8,,0.826,,,0.832,,,,,0.796,,,,0.844,0.794,0.83,,,0.844,,,,,0.792,0.74
Dactort1,Brown-rot,0.848387097,0.001427845,,,,,0.888,,,,,,,,0.768,0.81,,,,,,,,,,,,,,0.838,,,,,,,,0.88,0.856,0.856,,,,0.87,0.894,0.872,,,,,0.784,0.88,,,0.874,0.78,,0.832,,,0.768,0.798,,0.874,,0.84,,,,,0.834,,,,,0.872,,,,,0.878,,0.874,0.83,0.898,,0.82,0.852,,0.868,,,0.888,,,,0.85,,,0.874,,
Ganleu1,White-rot,0.028896552,0.000116167,,,,0.042,0.04,,0.022,,,,,,,,0.014,,,0.016,,,,0.028,,,,,0.022,,,0.024,,0.014,0.028,0.034,,,,,,,,,,,,,,0.044,,0.044,0.042,,,0.022,,,,0.04,,,0.042,,,,,,,,,,0.044,0.034,0.02,,0.018,0.012,,,0.01,,,0.03,,,,0.03,,,,0.04,0.028,,0.028,0.026,,,,,,
LacJLM2183_1,White-rot,0.017538462,6.60E-05,,0.014,0.02,0.018,,,,0.04,,0.014,,,,,,,0.028,,,0.018,,,,0.008,,,,,,0.01,,,,,,,,,0.006,,,,,,,,,,0.02,0.022,,,,,,0.01,0.03,,,0.02,,,,,,,,,0.028,,,0.016,0.014,0.018,,,0.018,,,0.022,,,0.018,0.002,,,,,,0.018,,,,,,,0.016,,0.008,
Lened_B_1_1,White-rot,0.039724138,0.000118778,,0.048,,,,0.036,,0.028,0.024,0.048,0.036,,,,0.04,,,0.036,,,,,0.022,,0.056,,,,,,,,,0.022,,,,,,,,,0.024,,,,,,0.034,,,,,,0.038,0.046,0.044,,0.048,,,,,,,0.058,,,0.032,,,,0.05,0.034,,,,0.06,0.04,,,,,,,0.038,0.028,,0.056,,0.05,0.038,0.038,,,,,,,
Pis20_1,Brown-rot,0.928555556,0.00177134,0.972,0.894,0.912,,0.936,0.962,0.952,0.954,,,0.966,,0.86,0.972,,,,0.952,0.96,,0.954,0.884,0.886,0.962,0.926,,,,,,0.822,,0.964,0.966,,0.938,,0.964,,0.93,,0.944,,,,,,,,,,,,,,,,,,,,,0.874,,,,,,,0.95,,,,,,0.876,,0.834,,,0.902,,,0.912,,,,,,0.968,0.916,0.962,0.968,,0.966,0.868,,,,